category,drug_group,pair,data_source,duckdb_rows_found,severity_mild,severity_moderate,severity_severe,short_answer,long_answer,confidence,gemini_time_s,total_time_s
BLEEDING_RISK,warfarin + aspirin,warfarin + aspirin,duckdb_fallback,4090,1549,1174,1367,"Combining warfarin and aspirin is associated with a mild interaction risk according to current reporting data. While this combination is generally considered mild, you should be aware that there is a documented potential for interaction, even though it is reported very infrequently.","The retrieved evidence classifies the drug-drug interaction between warfarin and aspirin as ""mild."" Analysis of the reporting data indicates a weak statistical signal, with Proportional Reporting Ratios (PRR) ranging from 1.05 to 1.25 (with one outlier at 0.43) and very low reporting frequencies between 0.000084 and 0.001340. 

This interaction is considered risky because it involves the co-administration of a vitamin K antagonist (anticoagulant) and a salicylate (antiplatelet), which typically increases the risk of hemorrhagic events. However, based strictly on the provided evidence, the clinical significance is categorized as mild and the evidence is limited by the very low reporting frequency in the knowledge base. The PRR values close to 1.0 suggest the interaction is not heavily over-reported compared to other drug combinations in the database.",medium,9.082,9.931
BLEEDING_RISK,warfarin + ibuprofen,warfarin + ibuprofen,duckdb_fallback,1607,342,457,808,"Combining warfarin and ibuprofen is associated with a mild risk of interaction that may affect how your blood clots. Because of this potential risk, you should consult your healthcare provider before taking these medications together.","The evidence retrieved indicates a mild interaction between warfarin and ibuprofen. Pharmacovigilance data shows Proportional Reporting Ratios (PRR) ranging from 1.11 to 1.67, suggesting a statistical signal for adverse events when these drugs are co-administered compared to other drug combinations. However, the evidence for this interaction is limited by very low reporting frequencies, which range from approximately 0.00086 to 0.00259. While the severity is consistently classified as mild across the provided reports, the PRR values above 1.0 indicate a detectable risk that warrants clinical caution, though the low frequency suggests the interaction is not widely reported in this specific dataset.",medium,5.86,6.017
BLEEDING_RISK,warfarin + naproxen,warfarin + naproxen,duckdb_fallback,1136,209,329,598,"Taking warfarin and naproxen together may increase the risk of mild side effects according to reported data. You should consult your healthcare provider before combining these medications, as they may affect your blood's ability to clot.","Analysis of pharmacovigilance data indicates a mild interaction between warfarin and naproxen. The evidence shows Proportional Reporting Ratios (PRR) ranging from 1.11 to 1.82 across multiple data points, which signifies a statistical signal that adverse events are reported more frequently for this combination than would be expected by chance. However, the overall reporting frequency is very low, ranging from 0.0015% to 0.0105%. The evidence for this interaction is limited to these statistical reporting signals and does not provide specific clinical mechanisms. While the severity is consistently classified as ""mild,"" the elevated PRR suggests a potential risk that warrants clinical monitoring when these agents are co-administered.",medium,6.63,6.774
BLEEDING_RISK,warfarin + fluconazole,warfarin + fluconazole,duckdb_fallback,1540,210,375,955,"Taking warfarin and fluconazole together is associated with a mild risk of interaction, though official reports of these events are very rare. You should be monitored by your healthcare provider to ensure your medications remain safe and effective.","The interaction between warfarin and fluconazole is categorized as ""mild"" based on available pharmacovigilance data. Evidence retrieved shows Proportional Reporting Ratios (PRR) ranging from 0.83 to 1.82; while some values suggest a potential signal for an interaction (PRR > 1), the reporting frequency is notably low, ranging from 0.001167 to 0.002334. This indicates that while an interaction is possible, documented cases in the reporting database are infrequent. Because the evidence is limited to spontaneous reporting metrics and consistently lists the severity as mild, the clinical risk appears low, though the variability in PRR values suggests that the interaction may not be uniformly observed across all patient cases.",medium,6.695,6.866
BLEEDING_RISK,warfarin + metronidazole,warfarin + metronidazole,duckdb_fallback,1283,161,291,831,Taking warfarin and metronidazole together may lead to a mild interaction. You should be aware of this potential combination and consult your healthcare provider for monitoring.,"Evidence retrieved from adverse event reporting databases indicates a documented interaction between warfarin and metronidazole, consistently classified as mild in severity. The data shows a statistical signal with Proportional Reporting Ratios (PRR) ranging from 1.00 up to 1.82, suggesting that these events are reported more frequently than would be expected by chance. However, the overall reporting frequency remains low, ranging from approximately 0.16% to 2.5%. While the provided evidence identifies the risk level and the presence of a reporting signal, it is limited as it does not specify the clinical mechanism or the exact nature of the adverse events. Healthcare professionals should note the statistical association and monitor patients accordingly, despite the mild severity classification.",medium,6.507,6.655
BLEEDING_RISK,dabigatran + aspirin,dabigatran + aspirin,duckdb_fallback,208,70,44,94,"Combining dabigatran and aspirin may slightly increase your risk of bleeding, though this interaction is classified as mild. You should consult your healthcare provider before taking these medications together to ensure they are safe for your specific condition.","Based on the retrieved pharmacovigilance data, the interaction between dabigatran and aspirin is categorized as mild. The evidence shows Proportional Reporting Ratios (PRRs) ranging from 0.83 to 1.43, with reporting frequencies between 0.0054 and 0.0324. A PRR above 1.0 (specifically the reported 1.15 to 1.43) indicates a statistical signal suggesting that adverse events are reported more frequently with this combination than with other medications in the database. 

The evidence provided is limited to statistical reporting metrics and does not specify clinical trial outcomes or detailed pharmacokinetic mechanisms. However, the combination of a direct thrombin inhibitor (dabigatran) and an antiplatelet agent (aspirin) generally increases the risk of hemorrhagic complications. Because the evidence is primarily derived from reporting frequencies and PRRs, it should be considered limited in scope, and clinical monitoring for signs of bleeding is advised when these agents are co-administered.",medium,5.645,5.792
BLEEDING_RISK,rivaroxaban + naproxen,rivaroxaban + naproxen,duckdb_fallback,151,35,40,76,"Combining rivaroxaban and naproxen may slightly increase the risk of side effects, though current medical evidence classifies this interaction as mild.","Evidence from pharmacovigilance reporting indicates a mild interaction between rivaroxaban and naproxen. The provided data shows Proportional Reporting Ratios (PRRs) ranging from 0.77 to 1.43, with relatively low reporting frequencies (approximately 0.008 to 0.024). While these statistics suggest a modest association with adverse events, the evidence is limited to reporting database metrics and lacks specific clinical outcomes or mechanistic details. Generally, the combination of an anticoagulant (rivaroxaban) and a nonsteroidal anti-inflammatory drug (naproxen) is monitored due to potential additive effects on bleeding, but based strictly on this dataset, the interaction is documented as low-severity with limited reporting frequency.",medium,6.107,6.257
BLEEDING_RISK,apixaban + clopidogrel,apixaban + clopidogrel,duckdb_fallback,157,57,33,67,"Combining apixaban and clopidogrel is associated with a mild risk of interaction according to available data. Because both medications affect how your blood clots, using them together may increase the chance of side effects, though current evidence suggests these reports are relatively infrequent.","The retrieved evidence from the medical knowledge base identifies a pharmacodynamic interaction between apixaban (a Factor Xa inhibitor) and clopidogrel (a P2Y12 antiplatelet agent), consistently categorized as ""mild"" in severity across multiple reports. 

The evidence is primarily statistical, showing low reporting frequencies (ranging from approximately 0.0059 to 0.0176). The Proportional Reporting Ratios (PRR) are variable, with most values below 1.0 (0.54 to 0.67) and one value at 1.67. A PRR above 1.0 may suggest a potential safety signal, but the lack of consistency and the overall low reporting frequency indicate that while an interaction is documented, the evidence for a high-magnitude risk in this specific dataset is limited. 

The interaction is considered risky because both agents inhibit different pathways of the coagulation cascade; their combined use typically results in an additive effect on bleeding risk. However, based strictly on the provided data, the clinical impact is labeled as mild. Clinical monitoring for signs of hemorrhage is standard when these classes are used in combination.",medium,8.054,8.191
BLEEDING_RISK,clopidogrel + omeprazole,clopidogrel + omeprazole,duckdb_fallback,2686,995,859,832,"There is evidence of a mild interaction between clopidogrel and omeprazole, though the available data is inconsistent. This combination may slightly alter the effectiveness of your treatment, so you should consult with your healthcare provider for further guidance.","The retrieved evidence identifies the interaction between clopidogrel and omeprazole as ""mild"" in severity across all reported instances. However, the evidence is limited and shows significant inconsistency in signal strength. Proportional Reporting Ratios (PRR) range from a low of 0.40 to a high of 1.81, with reporting frequencies remaining very low (between 0.000203 and 0.006507). 

In pharmacological surveillance, a PRR above 1.0 suggests a potential association between a drug combination and adverse events, while a PRR below 1.0 suggests no such association. Because the provided data contains values both above and below this threshold, the clinical evidence for this specific interaction is considered weak and conflicting. Clinicians should be aware that while the interaction is classified as mild, the variability in the reporting data suggests that its clinical impact may not be uniformly observed.",medium,6.15,6.288
BLEEDING_RISK,heparin + ketorolac,heparin + ketorolac,duckdb_fallback,476,70,125,281,"Combining heparin and ketorolac may result in a mild increase in the risk of side effects, though clinical reports of this interaction are relatively infrequent.","Analysis of pharmacovigilance data indicates a mild interaction between heparin and ketorolac. The evidence shows Proportional Reporting Ratios (PRR) ranging from 1.11 to 1.82, which suggests a statistical signal for adverse event reports associated with this drug pair compared to other medications in the database. However, the reporting frequency is notably low, ranging from approximately 0.006 to 0.048. All retrieved data points categorize the severity of this interaction as mild. While the PRR values indicate a potential risk, the evidence is considered limited due to the low reporting frequency and the nature of the data, which identifies statistical associations rather than definitive clinical outcomes. The risk is likely manageable, but the statistical signal warrants clinical awareness.",medium,6.38,6.516
BLEEDING_RISK,aspirin + sertraline,aspirin + sertraline,duckdb_fallback,2933,1039,1000,894,"Combining aspirin and sertraline may result in a mild interaction, although the available evidence for this specific combination is limited. Please consult your healthcare provider to discuss the safety of taking these medications together.","Based on the retrieved evidence, the interaction between aspirin and sertraline is classified as mild. The data shows low reporting frequencies, ranging from 0.000192 to 0.000575, suggesting that documented instances of this interaction are rare within this dataset. Furthermore, the Proportional Reporting Ratio (PRR) values are inconsistent, ranging from 0.30 to 1.67; since a PRR greater than 1.0 generally suggests a potential signal, the presence of values both above and below this threshold indicates weak or conflicting evidence. Due to these low reporting frequencies and variable PRR results, the clinical evidence for a significant adverse interaction between these two agents is considered limited.",medium,4.554,4.699
BLEEDING_RISK,warfarin + amiodarone,warfarin + amiodarone,duckdb_fallback,2448,865,694,889,"Taking warfarin and amiodarone together is associated with a mild interaction risk according to the provided data. However, the evidence for this interaction is limited due to very low reporting frequencies.","The retrieved evidence classifies the interaction between warfarin and amiodarone as ""mild."" The data is derived from statistical reporting metrics, showing Proportional Reporting Ratios (PRR) that vary between 0.36 and 1.43. Reporting frequencies are notably low, ranging from 0.000234 to 0.000702. 

The evidence provided is limited and relatively weak; several PRR values fall below 1.0, and none reach the common threshold (typically PRR ≥ 2.0) used to indicate a strong disproportionate reporting signal in pharmacovigilance databases. The risk is categorized as ""mild"" because the statistical association in this specific dataset does not suggest a high frequency or high severity of adverse events, though the presence of signals above 1.0 indicates a need for awareness. The provided data does not include mechanistic information or clinical outcomes.",medium,8.27,8.405
BLEEDING_RISK,enoxaparin + aspirin,enoxaparin + aspirin,duckdb_fallback,2699,859,754,1086,"Combining enoxaparin and aspirin is associated with a mild risk, as both medications affect how your blood clots. While reports of complications are relatively rare, using both together may increase your chance of bruising or bleeding.","The interaction between enoxaparin (a low-molecular-weight heparin) and aspirin (an antiplatelet agent) is categorized as mild based on the retrieved clinical evidence. The pharmacodynamic synergy between these two agents increases the risk of bleeding because they inhibit different pathways of the hemostatic process: enoxaparin inhibits factor Xa and thrombin, while aspirin inhibits platelet aggregation via cyclooxygenase-1. 

The provided data shows Proportional Reporting Ratios (PRR) ranging from 0.49 to 1.67, indicating a variable but present signal in adverse event reporting. However, the evidence should be considered limited in terms of clinical impact, as the reporting frequencies are extremely low (ranging from 0.000245 to 0.000735). While the severity is consistently rated as mild in this dataset, healthcare providers should remain vigilant for signs of gastrointestinal or systemic hemorrhage when these agents are used in combination.",medium,7.109,7.251
BLEEDING_RISK,ticagrelor + aspirin,ticagrelor + aspirin,duckdb_fallback,1155,599,254,302,"The interaction between ticagrelor and aspirin is considered mild with a very low frequency of reported complications. Based on this limited data, the combination is generally low-risk.","The retrieved evidence indicates a mild interaction between ticagrelor and aspirin. The Proportional Reporting Ratios (PRR) range from 0.78 to 1.33, and reporting frequencies are extremely low (0.000473 to 0.002840), which indicates a weak statistical association in the pharmacovigilance database. This interaction is classified as low-risk because the PRR values are close to 1.0, suggesting that adverse events are not being reported at a significantly higher rate than expected. However, the evidence is limited to these statistical markers and does not provide specific clinical mechanisms or outcomes.",medium,11.963,12.102
SEROTONIN_SYNDROME,sertraline + tramadol,sertraline + tramadol,duckdb_fallback,1830,514,609,707,"Combining sertraline and tramadol is considered to have a mild risk of interaction based on current reporting data. While some reports suggest a potential for adverse effects, the frequency of these occurrences is very low.","Analysis of the provided pharmacovigilance data for the combination of sertraline and tramadol suggests a mild interaction profile. The evidence is characterized by low reporting frequencies, ranging from 0.000564 to 0.023125. The Proportional Reporting Ratios (PRR) are inconsistent, ranging from 0.67 to 1.85. While PRR values above 1.0 (such as 1.83 and 1.85) indicate that adverse events are reported more frequently for this drug pair than for other drugs in the database, the overall evidence is limited by the low volume of reports. All retrieved entries categorize the severity as ""mild,"" suggesting that while a statistical signal for an interaction exists, it is not frequently associated with severe clinical outcomes in this dataset. Clinicians should be aware that the evidence provided is primarily statistical and lacks specific mechanistic details or clinical context.",medium,8.826,8.966
SEROTONIN_SYNDROME,fluoxetine + tramadol,fluoxetine + tramadol,duckdb_fallback,1620,432,575,613,"The combination of fluoxetine and tramadol is associated with a mild risk of interaction according to available reporting data. Because this interaction is documented as mild and occurs with low frequency, it is generally manageable, but patients should still be monitored for any unusual symptoms.","The evidence retrieved from the pharmacovigilance database indicates a ""mild"" severity level for the interaction between fluoxetine and tramadol. The statistical evidence is relatively weak and limited, characterized by Proportional Reporting Ratios (PRR) ranging from 0.45 to 1.82 and very low reporting frequencies (between 0.000678 and 0.005427). These PRR values suggest a low-level signal in the reporting population. While the data classifies the interaction severity as mild, the low frequency of reports and the lack of high PRR values (typically > 2.0 for strong signals) suggest that while an interaction is possible, it is not frequently reported or severe in the contexts captured by this dataset. Clinicians should exercise standard caution, noting the statistical evidence suggests the risk is present but limited in scope and severity.",medium,6.151,6.287
SEROTONIN_SYNDROME,linezolid + sertraline,linezolid + sertraline,duckdb_fallback,236,40,77,119,The use of linezolid and sertraline together is associated with a mild interaction risk. The evidence for this interaction is currently limited due to a very low number of reported cases.,"Analysis of the retrieved evidence indicates a mild interaction between linezolid and sertraline. The data demonstrates Proportional Reporting Ratios (PRR) ranging from 1.11 to 1.67, which suggests a statistical signal where the drug pair is reported more frequently than expected by chance. However, this evidence is considered weak or limited because the reporting frequencies are very low, ranging from 0.009009 to 0.036036. While the interaction is consistently categorized as ""mild"" in the provided data, the presence of a positive PRR indicates a potential risk that warrants clinical awareness despite the limited frequency of reports.",medium,11.568,11.704
SEROTONIN_SYNDROME,linezolid + venlafaxine,linezolid + venlafaxine,duckdb_fallback,182,18,44,120,"Combining linezolid and venlafaxine is associated with a mild risk of interaction. Current reporting data suggests that while an interaction is possible, it is infrequently reported and generally considered low-severity.","The evidence retrieved from the medical knowledge base indicates a ""mild"" severity rating for the interaction between linezolid and venlafaxine. The statistical data shows Proportional Reporting Ratios (PRR) ranging from 0.80 to 1.67, suggesting a weak to modest association in adverse event reporting. The reporting frequencies are notably low, ranging from 0.0169 to 0.0508, which indicates that this interaction is not frequently documented in the source dataset. 

Because the PRR values are relatively close to 1.0 and the reporting frequency is low, the evidence for a significant clinical interaction is considered limited. While the interaction is categorized as mild, healthcare professionals should remain aware of the potential for combined effects, although the provided data does not support a high-severity classification or a strong statistical signal for frequent complications.",medium,7.28,7.411
SEROTONIN_SYNDROME,phenelzine + fluoxetine,phenelzine + fluoxetine,duckdb_fallback,63,7,14,42,"Available evidence suggests a mild interaction between phenelzine and fluoxetine, but the data is very limited. You should consult your healthcare provider before taking these medications together.","The retrieved evidence characterizes the interaction between phenelzine and fluoxetine as ""mild."" The provided data indicates a Proportional Reporting Ratio (PRR) ranging from 0.83 to 1.00 and a low reporting frequency of 0.033. In clinical pharmacology and pharmacovigilance, a PRR near 1.0 suggests that the reported adverse events for this drug combination occur at a rate similar to the background reporting rate in the database. Consequently, the evidence for a specific or significant interaction signal here is considered weak and limited. While the severity is listed as mild, the lack of a strong statistical signal means this data should be interpreted with significant caution and may not be representative of the overall clinical risk profile.",medium,15.299,15.435
SEROTONIN_SYNDROME,phenelzine + meperidine,phenelzine + meperidine,none,0,0,0,0,"No information was found in the provided records regarding an interaction between phenelzine and meperidine. Because there is no data available, it is not possible to determine whether this combination is safe or risky.","Based on the retrieved evidence, no data was found regarding the interaction between phenelzine and meperidine. Since the provided evidence is limited to this ""no data found"" result, it is impossible to characterize the clinical risk, mechanism, or safety of co-administering these two medications using this specific knowledge base. The absence of information in this source should not be interpreted as evidence of safety.",medium,8.555,8.694
SEROTONIN_SYNDROME,selegiline + sertraline,selegiline + sertraline,duckdb_fallback,53,3,14,36,"Combining selegiline and sertraline may lead to interactions ranging from mild to moderate in severity. You should consult your healthcare provider to discuss these risks, as this combination requires careful medical monitoring.","The retrieved evidence indicates a documented interaction between selegiline (an MAO inhibitor) and sertraline (an SSRI), with severity levels categorized between mild and moderate. Pharmacovigilance data shows Proportional Reporting Ratios (PRR) ranging from 0.83 to 3.33. The higher PRR values (2.50 and 3.33) suggest a moderate signal for adverse events associated with this drug pair. Although the reporting frequency is relatively low (approximately 0.036), the interaction is clinically significant because combining MAOIs with SSRIs increases the risk of serotonin-related toxicity or serotonin syndrome. Clinicians should be aware that while some reports classify the severity as mild, the potential for moderate adverse outcomes necessitates cautious co-administration or avoidance, depending on the clinical context and dosage.",medium,7.008,7.144
SEROTONIN_SYNDROME,fentanyl + escitalopram,fentanyl + escitalopram,duckdb_fallback,1459,331,485,643,"Combining fentanyl and escitalopram is associated with a mild interaction risk; however, the current evidence for this specific drug pair is limited and reporting is infrequent.","Based on the retrieved pharmacovigilance data, the interaction between fentanyl and escitalopram is categorized as mild. The evidence is considered limited due to low reporting frequencies, which range from 0.000935 to 0.001871. Furthermore, the Proportional Reporting Ratio (PRR) values are inconsistent, ranging from 0.53 to 1.43; values near or below 1.0 suggest a weak statistical association in the reported data. While the severity is noted as mild, the lack of a strong, consistent PRR signal across all reports indicates that the evidence for a significant clinical interaction is currently weak.",medium,6.435,6.569
SEROTONIN_SYNDROME,dextromethorphan + fluoxetine,dextromethorphan + fluoxetine,duckdb_fallback,252,89,66,97,"Combining fluoxetine and dextromethorphan may lead to mild interactions. While the frequency of reported issues is low, you should monitor for any unusual symptoms and consult your healthcare provider if you have concerns.","Based on the provided pharmacovigilance data, the interaction between dextromethorphan and fluoxetine is categorized as mild. The evidence shows Proportional Reporting Ratios (PRR) ranging from 0.60 to 1.76, suggesting a weak to moderate statistical signal for adverse events. Reporting frequencies are low, ranging from approximately 0.005 to 0.021 (0.5% to 2.1%). 

The evidence for this interaction is considered limited as it relies on reporting frequencies and statistical ratios rather than specific clinical outcomes or mechanistic studies. The risk associated with this pairing generally stems from the potential for fluoxetine to alter the metabolism of dextromethorphan, which may increase systemic exposure. However, according to the specific evidence provided, the severity of these occurrences is consistently rated as mild.",medium,5.554,5.698
SEROTONIN_SYNDROME,lithium + sertraline,lithium + sertraline,duckdb_fallback,628,193,192,243,"Combining lithium and sertraline is associated with a mild risk of interaction according to reported medical data. While the frequency of these reports is low, patients should monitor for any new symptoms and consult their healthcare provider.","Analysis of pharmacovigilance data regarding the co-administration of lithium and sertraline indicates a mild interaction severity. The provided evidence shows Proportional Reporting Ratios (PRR) ranging from 0.38 to 1.48, with reporting frequencies remaining quite low (between 0.0026 and 0.0130). Because the PRR values are generally near or slightly above 1.0 and the reporting frequency is limited, the statistical evidence for a strong or frequent interaction is weak. However, the consistent categorization of the interaction as ""mild"" across multiple data points suggests a potential signal that warrants clinical awareness, even if the absolute risk of a severe adverse event appears low based on this dataset.",medium,6.499,7.017
SEROTONIN_SYNDROME,triptans + ssris,triptans + ssris,none,0,0,0,0,"There is currently no information available in the provided medical evidence regarding the interaction between triptans and SSRIs. Because of this lack of data, the safety of taking these medications together cannot be determined.","A search of the provided medical knowledge base yielded no data regarding an interaction between triptans and Selective Serotonin Reuptake Inhibitors (SSRIs). Consequently, the clinical evidence is extremely limited (absent), and it is not possible to characterize the safety profile, potential risks, or pharmacological mechanisms of this drug-drug combination based solely on the evidence provided. The absence of data precludes any clinical assessment of potential adverse effects or contraindications.",medium,6.165,6.755
SEROTONIN_SYNDROME,methylene_blue + venlafaxine,methylene_blue + venlafaxine,none,0,0,0,0,No information was found in the provided medical data regarding an interaction between methylene blue and venlafaxine. You should consult your doctor or pharmacist to discuss potential risks before using these medications together.,"The retrieved evidence for a drug interaction between methylene blue and venlafaxine is currently absent, as ""no data found"" was returned from the medical knowledge base. Because this evidence is extremely limited, it is impossible to determine the safety profile, potential pharmacological mechanisms, or severity of any interaction between these two agents based solely on the provided information. Clinicians should be aware that the absence of data in this specific search does not confirm that the combination is safe; further investigation using alternative clinical databases is necessary to assess potential risks.",medium,8.262,8.404
SEROTONIN_SYNDROME,tramadol + mirtazapine,tramadol + mirtazapine,duckdb_fallback,1334,323,429,582,"Combining tramadol and mirtazapine is associated with a mild risk of interaction, though the number of reported cases is very low. You should monitor for any new symptoms and consult your healthcare provider about using these medications together.","The retrieved evidence indicates a mild interaction between tramadol and mirtazapine. Analysis of the pharmacovigilance data shows a low reporting frequency, ranging from approximately 0.001% to 2.01%. The Proportional Reporting Ratio (PRR) values are also relatively low, ranging from 0.77 to 1.71, which suggests a weak signal for this specific drug pair. 

Because the severity is consistently categorized as mild across all entries and the reporting frequency is very low, the evidence for a significant clinical interaction is limited. Healthcare professionals should be aware of the potential for additive effects when combining these two agents, but current data suggests the risk is not frequently reported as severe. Monitoring for patient-specific responses is recommended.",medium,5.093,5.228
QT_PROLONGATION,amiodarone + haloperidol,amiodarone + haloperidol,duckdb_fallback,316,50,83,183,"Combining amiodarone and haloperidol is associated with a mild risk of interaction based on current database reports. While the risk is considered low, you should consult your healthcare provider to ensure this combination is appropriate for you.","The evidence for an interaction between amiodarone and haloperidol is based on statistical reporting data that classifies the severity as mild. The retrieved data indicates Proportional Reporting Ratios (PRR) ranging from 0.24 to 1.74, with a low reporting frequency (ranging from 0.0068 to 0.0272). This evidence is considered limited as it relies on pharmacovigilance reporting metrics rather than specified clinical outcomes or mechanistic studies. While the PRR values above 1.0 in some entries suggest a potential signal, the low reporting frequency and consistent classification of ""mild"" severity suggest that the clinical impact is limited. Healthcare professionals should be aware of these reporting signals, though the provided data does not specify the exact physiological nature of the interaction.",medium,8.316,8.446
QT_PROLONGATION,ciprofloxacin + azithromycin,ciprofloxacin + azithromycin,duckdb_fallback,1526,212,409,905,"Taking ciprofloxacin and azithromycin together may lead to a mild interaction, though current evidence for this risk is limited. Patients should consult their healthcare provider to monitor for any side effects when using these medications concurrently.","Based on the retrieved pharmacovigilance data, the interaction between ciprofloxacin and azithromycin is classified as mild. The evidence is considered limited or weak, as the Proportional Reporting Ratios (PRR) range from 1.00 to 1.82, which are generally below the threshold for a strong safety signal. Furthermore, the reporting frequencies are very low, ranging from 0.001157 to 0.010417. While these data points suggest a potential interaction, the low statistical strength and mild severity rating indicate that while co-administration should be monitored, the reported risk is not substantial within the provided dataset. Clinical caution is advised, but the evidence does not support a high-risk contraindication based solely on these findings.",medium,6.149,6.289
QT_PROLONGATION,methadone + fluconazole,methadone + fluconazole,duckdb_fallback,619,63,152,404,"Combining methadone and fluconazole is associated with a mild risk of interaction. While reports of complications are relatively infrequent, patients should be aware of possible changes in their medication's effect.","The retrieved evidence classifies the interaction between methadone and fluconazole as mild. Data from pharmacovigilance reporting indicates Proportional Reporting Ratios (PRR) ranging from 0.77 to 1.67, with reporting frequencies between 0.005 and 0.021. A PRR above 1.0 (as seen in some reports) suggests a slight disproportionate reporting of this combination compared to other drugs in the database; however, the low reporting frequency and the fluctuation of PRR values around the baseline of 1.0 indicate that the evidence for a severe clinical impact is limited. The risk is considered mild, likely involving fluctuations in methadone levels, but the current evidence base does not provide specific mechanistic details or high-frequency data to suggest a significant safety signal for all patients.",medium,5.624,5.759
QT_PROLONGATION,ondansetron + haloperidol,ondansetron + haloperidol,duckdb_fallback,615,126,164,325,"Combining ondansetron and haloperidol is associated with a mild risk of interaction. Medical reports suggest that while these drugs are sometimes flagged together, the frequency of reported issues is low.","Analysis of pharmacovigilance data for the combination of ondansetron and haloperidol indicates a mild interaction profile. The retrieved evidence shows Proportional Reporting Ratios (PRR) ranging from 0.50 to 1.43. While PRR values above 1.0 (such as 1.36, 1.38, and 1.43) suggest a potential signal where adverse events are reported more frequently than expected, these values are relatively low and the reporting frequencies are minimal (ranging from 0.003 to 0.045). Because the severity is consistently classified as mild and the statistical signals are not highly elevated, the evidence for a significant clinical risk is limited. Healthcare professionals should be aware of this potential signal but may consider the interaction risk to be low based on currently available reporting data.",medium,6.115,6.257
QT_PROLONGATION,quetiapine + azithromycin,quetiapine + azithromycin,duckdb_fallback,693,106,193,394,"Based on current evidence, the interaction between quetiapine and azithromycin is considered mild with a low frequency of reported issues. While the risk appears small, patients should still be monitored for any new or unusual symptoms while taking both medications.","Analysis of the provided pharmacovigilance data indicates a mild interaction between quetiapine and azithromycin. The evidence is derived from reporting databases showing a Proportional Reporting Ratio (PRR) ranging from 0.71 to 1.94. A PRR of 1.94 suggests a potential signal, but values close to 1.0 generally indicate a weak statistical association. Furthermore, the reporting frequency is notably low, ranging from approximately 0.35% to 2.1%. 

The evidence for this interaction is considered limited and weak due to the low reporting frequencies and the relatively low PRR values. All five data entries consistently categorize the severity as ""mild."" While the provided evidence does not specify a clinical mechanism (such as additive QT prolongation which is often monitored with these classes), the statistical data suggests that adverse events associated specifically with this combination are infrequently reported in this dataset. Professional monitoring is advised, though the overall clinical risk based strictly on this evidence is minor.",medium,6.072,6.209
QT_PROLONGATION,amiodarone + sotalol,amiodarone + sotalol,duckdb_fallback,554,96,138,320,"Combining amiodarone and sotalol is generally considered to have a mild interaction risk, though current evidence is based on a low number of reported cases.","Based on retrieved pharmacovigilance data, the interaction between amiodarone and sotalol is classified as mild. The evidence provided is limited to Proportional Reporting Ratios (PRR) ranging from 0.91 to 1.82, with very low reporting frequencies (0.0042 to 0.0337). While PRR values above 1.0 suggest a potential statistical association in adverse event reporting, the low reporting frequency and lack of clinical context or mechanistic details in the source data mean the evidence for a significant interaction is weak. Healthcare professionals should be aware that while the severity is listed as mild, the current data set does not provide specific clinical outcomes or physiological explanations for the interaction.",medium,4.945,5.085
QT_PROLONGATION,erythromycin + quetiapine,erythromycin + quetiapine,duckdb_fallback,314,33,87,194,"Taking erythromycin and quetiapine together has been associated with mild side effects in clinical reports. Based on available data, the overall risk and frequency of a significant interaction between these two medications appear to be low.","The evidence retrieved from the medical knowledge base indicates a mild interaction between erythromycin and quetiapine. Analysis of pharmacovigilance data shows Proportional Reporting Ratios (PRR) ranging from 0.71 to 1.67, which represents a relatively weak statistical signal, as values near 1.0 suggest the adverse events are reported at a rate similar to the background population. Furthermore, the reporting frequency for this drug pair is notably low, ranging between 0.011% and 0.023%. While all reports categorize the severity as mild, the evidence for a significant clinical interaction is limited due to these low reporting frequencies and modest PRR values. Clinicians should be aware of the potential for interaction but should also note that the current data does not suggest a high-frequency or high-severity risk.",medium,5.404,5.547
QT_PROLONGATION,chlorpromazine + methadone,chlorpromazine + methadone,duckdb_fallback,163,34,34,95,"Combining chlorpromazine and methadone is considered to have a mild risk of interaction, though the current data supporting this is limited. Patients should be aware that while reports exist, the evidence is not strong enough to suggest a frequent or severe problem.","Based on the retrieved pharmacovigilance data, the interaction between chlorpromazine and methadone is classified as mild. However, the evidence for this interaction is considered weak and limited. The Proportional Reporting Ratios (PRR) are inconsistent, ranging from 0.67 to 1.67, with very low reporting frequencies (between 0.012 and 0.037). While PRR values above 1.0 suggest a possible signal for reported adverse events when these drugs are used together, the variability and low frequency of these reports indicate that the interaction is not strongly established in the provided data set. Clinicians should exercise standard caution, but the evidence does not currently suggest a high-severity risk.",medium,8.274,8.414
QT_PROLONGATION,citalopram + ondansetron,citalopram + ondansetron,duckdb_fallback,1398,357,389,652,"Combining citalopram and ondansetron is associated with a mild interaction risk according to current reporting data. However, the evidence for this interaction is limited due to a very low frequency of reported cases.","The interaction between citalopram and ondansetron is classified as mild based on the provided pharmacovigilance data. The Proportional Reporting Ratio (PRR) across various data points ranges from 0.56 to 1.67. While a PRR above 1.0 suggests a potential signal for an interaction, the values here are relatively low and inconsistent, with one entry falling below 1.0. Furthermore, the reporting frequency is consistently recorded at 0.000987, which is extremely low. Because the PRR values are weak and the reporting frequency is minimal, the clinical evidence for a significant interaction in this dataset is considered limited. Healthcare professionals should monitor patients for cumulative effects, but the current data suggests the risk level is mild and infrequently reported.",medium,5.973,6.116
QT_PROLONGATION,hydroxychloroquine + azithromycin,hydroxychloroquine + azithromycin,duckdb_fallback,321,44,84,193,"Using hydroxychloroquine and azithromycin together is associated with a mild risk of side effects, though these reports occur at a very low frequency. You should consult your healthcare provider to monitor for any symptoms while taking this combination.","The retrieved pharmacovigilance data indicates a mild interaction between hydroxychloroquine and azithromycin. Evidence is based on five separate reporting signals with Proportional Reporting Ratios (PRR) ranging from 0.74 to 1.82. A PRR above 1.0 suggests a statistical signal where an adverse event is reported more frequently with this drug combination than with other drugs in the database; however, these values are relatively low, and one entry (0.74) suggests no increased reporting ratio. 

The reporting frequency is notably low, ranging from 0.008 (0.8%) to 0.016 (1.6%). Because the severity is consistently classified as ""mild"" across all retrieved evidence and the statistical signals are not strongly elevated, the interaction is considered low-risk according to this dataset. However, this evidence is limited as it does not specify the nature of the adverse events or the underlying biological mechanism, relying instead on statistical reporting frequencies from a clinical knowledge base.",medium,10.193,10.338
QT_PROLONGATION,domperidone + ketoconazole,domperidone + ketoconazole,duckdb_fallback,27,2,7,18,"Combining domperidone and ketoconazole may increase the risk of adverse effects, with reported reactions ranging from mild to moderate in severity. You should consult a healthcare professional before using these medications together, as they may require close monitoring.","Analysis of pharmacovigilance data indicates a significant interaction signal between domperidone and ketoconazole. Retreived evidence classifies the severity of this interaction between mild and moderate, with Proportional Reporting Ratios (PRR) ranging from 1.43 to 3.33. A PRR as high as 3.33 suggests that adverse events are reported more frequently than expected when these two agents are used in combination. While the reporting frequency is relatively low (approximately 7.1%), the elevated PRR values indicate a clinical risk. Although the provided data does not specify the physiological mechanism, the interaction is likely due to the inhibition of domperidone's metabolism, which can increase systemic exposure and heighten the risk of dose-dependent side effects. Due to the moderate severity ratings in multiple reports, clinical caution and monitoring are advised.",medium,6.168,6.296
QT_PROLONGATION,clarithromycin + quetiapine,clarithromycin + quetiapine,duckdb_fallback,469,75,143,251,"Combining clarithromycin and quetiapine may cause a mild interaction based on statistical reports. Because the current evidence is limited, you should inform your doctor so they can monitor for any side effects.","The interaction evidence for clarithromycin and quetiapine is classified as ""mild"" based on data from a medical reporting database. The provided evidence shows Proportional Reporting Ratios (PRR) ranging from 0.53 to 1.54, with a low reporting frequency between 0.005 and 0.011. While these statistical metrics indicate a potential association between the concurrent use of these drugs and adverse events, the evidence is considered weak and limited as it relies solely on reporting frequency rather than clinical trials or pharmacokinetic studies. The risk is currently categorized as low severity, but clinicians should be aware that statistical signals exist for this drug pair.",medium,6.318,6.755
CYP_INHIBITION,clarithromycin + simvastatin,clarithromycin + simvastatin,duckdb_fallback,1050,292,327,431,"Combining clarithromycin and simvastatin is associated with a mild risk of interaction. However, the evidence for this specific interaction is limited due to a very low frequency of reported cases.","The retrieved evidence characterizes the interaction between clarithromycin and simvastatin as ""mild."" Analysis of the provided data indicates a weak clinical signal, with the Proportional Reporting Ratio (PRR) ranging between 0.62 and 1.31. In pharmacovigilance, a PRR close to 1.0 suggests that the association between the drug pair and reported adverse events is not significantly higher than what is observed with other drugs in the database. Furthermore, the reporting frequency is notably low, ranging from 0.001142 to 0.015982. Due to these low reporting frequencies and the PRR values being near baseline, the evidence for a significant or frequent interaction between these two agents is considered weak and limited within this dataset.",medium,7.756,8.335
CYP_INHIBITION,fluconazole + midazolam,fluconazole + midazolam,duckdb_fallback,512,117,117,278,"Fluconazole may mildly interact with midazolam, potentially increasing its sedative effects; however, the available evidence for this interaction is limited and reports of it occurring are very infrequent.","The evidence retrieved for the interaction between fluconazole and midazolam is considered weak and inconsistent. Pharmacovigilance data indicates a ""mild"" severity level, but the Proportional Reporting Ratios (PRR) are varied and generally low, ranging from 0.11 to 1.43. PRR values near or below 1.0 suggest a weak or non-existent statistical signal for an association between the drug pair and adverse outcomes in this dataset. Furthermore, the reporting frequency is extremely low, occurring in only 0.33% to 0.67% of the analyzed reports. While fluconazole is known to potentially increase the plasma concentrations of drugs metabolized by the CYP3A4 pathway (such as midazolam), the provided data suggests that documented clinical interactions in this specific knowledge base are infrequent and lack strong statistical significance. Clinicians should be aware of the potential for increased or prolonged sedation but should note the limited nature of the current evidence.",medium,7.299,7.441
CYP_INHIBITION,ketoconazole + atorvastatin,ketoconazole + atorvastatin,duckdb_fallback,533,77,148,308,"Combining ketoconazole and atorvastatin may slightly increase the risk of side effects, though these are typically reported as mild. The evidence for this interaction is based on a low frequency of reports, so you should monitor for any new symptoms and consult your healthcare provider.","The provided evidence indicates a potential drug-drug interaction between ketoconazole and atorvastatin, consistently categorized as ""mild"" in severity across multiple data points. Pharmacovigilance metrics show Proportional Reporting Ratios (PRR) ranging from 0.83 to 1.79. A PRR above 1.0 (seen in four out of five data points) suggests that adverse events are reported more frequently when these drugs are used together than would be expected by chance. 

However, the evidence is limited by very low reporting frequencies, ranging from 0.0054 to 0.0378. This suggests that while a statistical signal for an interaction exists, the clinical occurrence is infrequent. The ""mild"" severity rating implies that any resulting adverse effects are unlikely to be life-threatening or require major clinical intervention. Healthcare professionals should be aware of this signal, likely arising from the known metabolic pathways of these agents, but the current evidence base is restricted to observational reporting data rather than controlled clinical trials.",medium,9.19,9.325
CYP_INHIBITION,rifampicin + warfarin,rifampicin + warfarin,none,0,0,0,0,"There is currently no information available in the provided records regarding an interaction between rifampicin and warfarin. Because this data is missing, you should consult your doctor or pharmacist to discuss any potential risks.","The retrieved evidence from the medical knowledge base provides no data concerning a potential drug-drug interaction between rifampicin and warfarin. Due to the complete absence of information in the provided source, it is not possible to evaluate the pharmacological mechanism, clinical risk, or safety of co-administering these agents. This lack of evidence is a significant limitation, and clinicians should consult alternative pharmacological databases to determine potential risks before co-prescription.",medium,5.156,5.291
CYP_INHIBITION,carbamazepine + oral_contraceptive,carbamazepine + oral_contraceptive,none,0,0,0,0,"There is currently no information available in the provided evidence regarding an interaction between carbamazepine and oral contraceptives. Because no data was found, it is impossible to determine the safety or risk of using these medications together based on this source alone.","The retrieved evidence from the clinical knowledge base contains no data regarding a drug-drug interaction between carbamazepine and oral contraceptives. Due to this complete lack of information, no clinical assessment of potential pharmacokinetic or pharmacodynamic interactions can be performed. The evidence is insufficient to characterize any risks, such as enzyme induction or altered contraceptive efficacy; therefore, clinicians should consult supplementary pharmacological references to determine the safety of this combination.",medium,5.607,5.742
CYP_INHIBITION,phenytoin + warfarin,phenytoin + warfarin,duckdb_fallback,1066,282,336,448,"Combining phenytoin and warfarin may result in a mild interaction, though documented reports of this occurring are relatively infrequent.","Based on the provided evidence from pharmacovigilance data, the interaction between phenytoin and warfarin is classified as mild. Analysis of reporting databases shows a Proportional Reporting Ratio (PRR) ranging from 1.11 to 1.67; since these values are above 1.0, there is a detectable statistical signal suggesting that adverse events are reported more frequently with this combination than with other medications. However, the overall reporting frequency remains low, ranging from approximately 0.14% to 1.23%. While the data indicates the interaction is not typically severe, the elevated PRR suggests a potential risk that warrants clinical awareness to maintain therapeutic stability.",medium,6.961,7.094
CYP_INHIBITION,fluoxetine + codeine,fluoxetine + codeine,duckdb_fallback,943,286,303,354,"Combining fluoxetine and codeine may lead to a mild interaction, though reports of complications are very rare. The data suggests the risk is generally low and any resulting effects are typically not severe.","Evidence from pharmacovigilance data indicates a mild interaction between fluoxetine and codeine. The Proportional Reporting Ratios (PRR) range from 1.11 to 1.67, which represents a statistical signal suggesting that adverse events are reported slightly more frequently when these drugs are used together than when used independently. However, the actual reporting frequency is very low, ranging from 0.0015 to 0.0046, indicating that documented cases are infrequent in the clinical population. 

This interaction is considered ""risky"" primarily in terms of reduced therapeutic efficacy; fluoxetine is a potent inhibitor of the CYP2D6 enzyme, which is required to convert the prodrug codeine into its active analgesic form, morphine. While the provided evidence identifies the interaction as mild and provides statistical signals, the evidence is limited as it is based on spontaneous reporting data rather than prospective clinical trials. Professionals should monitor for reduced pain control when these agents are co-administered.",medium,11.27,11.412
CYP_INHIBITION,bupropion + tamoxifen,bupropion + tamoxifen,duckdb_fallback,355,23,72,260,"Combining bupropion and tamoxifen is associated with a mild risk of interaction, though reports of these events are very infrequent. You should consult your healthcare provider to ensure both medications are working effectively for you.","The retrieved evidence characterizes the interaction between bupropion and tamoxifen as ""mild"" in severity across multiple reports. The data, derived from pharmacovigilance metrics, shows Proportional Reporting Ratios (PRR) ranging from 0.29 to 1.92. A PRR above 1.0 may indicate a potential signal, but the values here are inconsistent and the reporting frequency is notably low (ranging from 0.011 to 0.056). Due to the low reporting frequency and the variance in PRR values, the evidence for a significant clinical interaction is considered limited. Based strictly on the provided data, the risk is classified as minor, though clinicians should be aware that a potential interaction has been documented in reporting databases.",medium,5.945,6.078
CYP_INHIBITION,gemfibrozil + simvastatin,gemfibrozil + simvastatin,duckdb_fallback,1301,511,377,413,"Taking gemfibrozil and simvastatin together is associated with a mild interaction risk according to available reporting data. However, the evidence for this interaction is limited due to very low reporting frequencies in the provided database.","Based on the retrieved evidence from the duckdb_fallback medical knowledge base, the interaction between gemfibrozil and simvastatin is categorized as ""mild."" The statistical data shows Proportional Reporting Ratios (PRR) ranging from 0.75 to 1.67, which indicates a weak signal of association. Furthermore, the evidence must be considered limited, as the reporting frequency is very low, ranging from 0.000728 to 0.002913. While these data points suggest a potential interaction, the low PRR values and infrequent reporting signify that the statistical evidence for a significant clinical event is not strong within this specific dataset. Clinicians should be aware that while this source labels the interaction as mild, the underlying evidence base provided here is constrained by low event volume.",medium,6.93,7.068
CYP_INHIBITION,St_Johns_Wort + ciclosporin,st_johns_wort + ciclosporin,none,0,0,0,0,"There is no information available in the provided medical records regarding an interaction between St. John's wort and ciclosporin. You should consult a healthcare professional before taking these together, as the lack of data does not guarantee they are safe to combine.","A review of the provided clinical evidence indicates that there is no data found regarding an interaction between St. John’s wort and ciclosporin. Because the retrieved information is non-existent, it is impossible to determine the clinical risk, pharmacokinetic impact, or safety profile of this specific combination based solely on this source. Healthcare professionals should consider this evidence insufficient and consult additional pharmacological databases and primary literature, as the absence of data in this search does not confirm the absence of a clinically significant interaction.",medium,4.786,4.921
CYP_INHIBITION,verapamil + digoxin,verapamil + digoxin,duckdb_fallback,1382,388,413,581,Taking verapamil and digoxin together may result in a mild interaction that requires monitoring by your healthcare provider. The available evidence suggests this interaction is reported infrequently and is generally considered low in severity.,"Retrieved pharmacovigilance data indicates a mild interaction between verapamil and digoxin. The evidence is characterized by low reporting frequencies, ranging from 0.000816 to 0.004078, and variable Proportional Reporting Ratio (PRR) values between 0.65 and 1.67. While a PRR above 1.0 in several reports suggests a statistical signal for an interaction, the evidence strength is considered limited due to the low frequency of reports and the inconsistent PRR values across the dataset. The interaction is classified as risky because it appears repeatedly in safety databases, though the mild severity suggests that while pharmacological effects may be altered when these drugs are co-administered, they typically do not result in high-severity adverse events in the reported cases.",medium,6.288,6.421
CYP_INHIBITION,amiodarone + simvastatin,amiodarone + simvastatin,duckdb_fallback,1868,656,533,679,"Combining amiodarone and simvastatin is generally associated with a mild risk. Clinical reports indicate that while an interaction is possible, the frequency of reported issues is very low.","Based on the retrieved pharmacovigilance data, the interaction between amiodarone and simvastatin is classified as ""mild"" across multiple data entries. The Proportional Reporting Ratio (PRR) values range from 0.85 to 1.18, suggesting that the frequency of reported adverse events for this specific drug pair is near or only slightly above the expected baseline in the reference population. The reporting frequencies are notably low, ranging from 0.000378 to 0.004154. This evidence is limited to statistical reporting data and does not specify a pharmacokinetic mechanism; however, the low reporting frequency and consistent ""mild"" severity rating suggest a relatively low clinical impact in the documented cases. Use caution as the statistical evidence provided is limited and does not replace clinical monitoring.",medium,7.17,7.308
CNS_DEPRESSION,oxycodone + alprazolam,oxycodone + alprazolam,duckdb_fallback,3060,1282,921,857,"The interaction between oxycodone and alprazolam is categorized as mild based on the provided evidence; however, the data is limited due to very low reporting frequencies. You should consult a healthcare provider regarding the combined use of these medications.","The retrieved evidence classifies the interaction between oxycodone (an opioid) and alprazolam (a benzodiazepine) as ""mild."" The Proportional Reporting Ratio (PRR) values are inconsistent, ranging from 0.59 to 1.67, with reporting frequencies remaining very low (between 0.000152 and 0.017475). While some PRR values above 1.0 suggest a potential safety signal, the overall evidence is considered weak and limited due to the low frequency of reports in the database. Clinicians should be aware that while the severity is listed as mild in this specific dataset, the inconsistency in PRR values necessitates cautious clinical monitoring.",medium,6.008,6.144
CNS_DEPRESSION,morphine + diazepam,morphine + diazepam,duckdb_fallback,2206,838,643,725,"Using morphine and diazepam together is associated with a mild risk of side effects. Based on available medical reports, there is an increased frequency of adverse events when these two medications are combined.","Analysis of the provided pharmacovigilance data indicates a ""mild"" severity interaction between morphine and diazepam. The Proportional Reporting Ratio (PRR) across multiple data points ranges from 1.08 to 1.89; since these values are greater than 1.0, they suggest a statistical signal for adverse events occurring more frequently with this combination than would be expected by chance. However, the evidence is somewhat limited as the reporting frequencies are relatively low, ranging from 0.000329 to 0.018421. The interaction is considered risky due to this elevated reporting signal, which suggests that the co-administration of an opioid and a benzodiazepine increases the likelihood of adverse reactions, even if the recorded severity in this specific dataset remains categorized as mild.",medium,7.911,8.046
CNS_DEPRESSION,fentanyl + clonazepam,fentanyl + clonazepam,duckdb_fallback,1961,592,618,751,Combining fentanyl and clonazepam is associated with a mild risk of interaction according to available reporting data. You should use these medications together only under medical supervision and monitor for any unusual side effects.,"The retrieved evidence characterizes the interaction between fentanyl and clonazepam as ""mild"" based on pharmacovigilance data. The statistical evidence shows Proportional Reporting Ratios (PRR) ranging from 0.36 to 1.85, with reporting frequencies remaining very low (maximum 0.023989). A PRR above 1.0 suggests a potential signal for an adverse event compared to other drugs in the database; however, the inconsistency in these values (some below 1.0) and the low reporting frequency indicate that the evidence for a significant interaction in this specific dataset is limited or weak. Clinically, while these reports categorize the severity as mild, the risk typically involves the cumulative effects of combining an opioid with a benzodiazepine. Based strictly on the provided data, the interaction is documented but occurs with low frequency and is classified as low severity.",medium,5.451,5.59
CNS_DEPRESSION,methadone + diazepam,methadone + diazepam,duckdb_fallback,1390,638,325,427,"Combining methadone and diazepam may lead to mild side effects based on reported data. Because the evidence is limited and inconsistent, you should only use these medications together under the close supervision of your healthcare provider.","The retrieved evidence from pharmacovigilance data suggests a mild interaction between methadone and diazepam. The evidence is considered limited and inconsistent, as the Proportional Reporting Ratios (PRR) fluctuate between 0.59 and 1.67 across different reports. A PRR above 1.0 may indicate a potential safety signal, but the reporting frequencies are notably low (ranging from approximately 0.05% to 1.0%). While the categorized severity is ""mild,"" the risk typically associated with this combination involves additive central nervous system depression. However, based strictly on the provided statistical data, the strength of the interaction signal is weak and requires careful clinical correlation.",medium,5.537,5.673
CNS_DEPRESSION,alcohol + zolpidem,alcohol + zolpidem,none,0,0,0,0,"There is no data available in the provided evidence regarding an interaction between alcohol and zolpidem. This lack of information means the safety of combining these substances cannot be determined from this source, making the combination potentially risky due to unknown effects.","The retrieved evidence for the drug pair alcohol and zolpidem states ""No data found."" This indicates a complete absence of information within the provided knowledge base. As a result, no clinical explanation can be offered regarding the pharmacokinetics, pharmacodynamics, or safety profile of this combination. This lack of evidence is a significant limitation, and clinicians should be aware that the absence of data in this specific source does not equate to an absence of risk; rather, the interaction is uncharacterized and therefore unpredictable based solely on the information provided.",medium,10.337,10.484
CNS_DEPRESSION,gabapentin + hydrocodone,gabapentin + hydrocodone,duckdb_fallback,3574,1069,1226,1279,"Combining gabapentin and hydrocodone is associated with a mild interaction risk according to reported data. While the risk is considered mild and occurrences are reported very infrequently, you should be aware of potential side effects when taking these medications together.","The retrieved pharmacovigilance data indicates a mild interaction between gabapentin and hydrocodone. The evidence is relatively limited, characterized by very low reporting frequencies (ranging from 0.000291 to 0.001744) and inconsistent Proportional Reporting Ratios (PRR), which fluctuate between 0.37 and 1.67. These metrics suggest a weak statistical signal for significant adverse events associated with this drug pair within the provided dataset. While the documented severity is consistently categorized as mild, the variability in PRR values indicates that the evidence for a strong or predictable interaction is limited. Clinicians should monitor for potential additive central nervous system effects while noting that the specific evidence provided does not suggest a high frequency of severe outcomes.",medium,5.286,5.427
CNS_DEPRESSION,pregabalin + oxycodone,pregabalin + oxycodone,duckdb_fallback,2441,980,770,691,"Combining pregabalin and oxycodone may increase the risk of mild side effects, such as increased drowsiness. Patients should be monitored for enhanced sedative effects when taking these medications together.","The retrieved evidence characterizes the interaction between pregabalin (a gabapentinoid) and oxycodone (an opioid) as mild. The data points show Proportional Reporting Ratios (PRR) ranging from 0.38 to 1.91, indicating an inconsistent signal for adverse events. Furthermore, the reporting frequencies are very low, ranging from 0.000256 to 0.021739, which signifies that the evidence base for this specific interaction within the provided dataset is limited. While the severity is consistently rated as mild in these reports, the co-administration of these two central nervous system (CNS) depressants generally carries an additive risk for respiratory depression and sedation; however, based strictly on the provided evidence, the documented occurrences are infrequent and categorized with low severity.",medium,6.03,6.168
CNS_DEPRESSION,clonidine + lorazepam,clonidine + lorazepam,duckdb_fallback,1555,298,512,745,"The interaction between clonidine and lorazepam is considered mild, though the evidence is limited due to low reporting frequencies. Using these medications together may increase the risk of shared side effects like drowsiness or lightheadedness.","The provided evidence identifies the interaction between clonidine and lorazepam as ""mild."" The data is derived from statistical reporting metrics, specifically Proportional Reporting Ratios (PRR), which range from 0.67 to 1.50 across five entries. These PRR values, combined with very low reporting frequencies (ranging from 0.000928 to 0.005566), indicate that the evidence for a significant or frequent adverse interaction is limited and inconsistent. 

The interaction is categorized as risky primarily due to the potential for additive effects on the central nervous system, as both drugs can cause sedation and impact blood pressure. However, the mild classification and the lack of a strong statistical signal (PRR near 1.0) suggest that while clinicians should monitor for increased CNS depression or bradycardia, the combination does not currently show a high frequency of reported complications in the provided clinical knowledge base.",medium,6.945,7.087
CNS_DEPRESSION,quetiapine + opioids,quetiapine + opioids,none,0,0,0,0,There is currently no information available in the provided evidence regarding an interaction between quetiapine and opioids. You should consult with your doctor or pharmacist to ensure this combination is safe for you.,"The retrieved clinical evidence for the interaction between quetiapine and opioids states ""No data found."" Because no specific evidence was provided, the safety and risk profile of this drug combination cannot be determined from the available information. The lack of data represents a significant clinical limitation, and the absence of documented evidence does not necessarily imply that the combination is safe. Clinicians should exercise caution and consult supplementary pharmacological resources to assess potential pharmacodynamic or pharmacokinetic concerns.",medium,7.169,7.303
CNS_DEPRESSION,baclofen + morphine,baclofen + morphine,duckdb_fallback,1385,466,423,496,"Combining baclofen and morphine is associated with a mild risk of interaction; however, the available evidence is limited and suggests that side effects are not frequently reported.","Based on the retrieved evidence from pharmacovigilance data, the interaction between baclofen and morphine is categorized as mild. The evidence for a significant clinical interaction is considered weak, as the Proportional Reporting Ratio (PRR) values range from 0.50 to 1.11. Since these values cluster around 1.0, there is no strong statistical signal indicating that adverse events for this drug pair are reported more frequently than what would be expected by chance. Furthermore, the reporting frequency is very low, ranging from 0.000742 to 0.011878. Consequently, while the interaction is noted, the statistical data suggests a low clinical impact and limited evidence of risk based on current reports.",medium,7.142,7.274
CNS_DEPRESSION,carisoprodol + alprazolam,carisoprodol + alprazolam,duckdb_fallback,1875,609,598,668,"Combining carisoprodol and alprazolam is associated with a mild risk of interaction based on current reporting data. While the risk is considered low, you should consult your healthcare provider to monitor for any side effects.","The evidence for the interaction between carisoprodol and alprazolam is derived from pharmacovigilance data, which categorizes the interaction severity as mild. The data shows Proportional Reporting Ratios (PRR) ranging from 0.34 to 1.28, with reporting frequencies remaining very low (between 0.0004 and 0.014). A PRR near 1.0 suggests that adverse events are reported at a rate consistent with what would be expected in the general database population, although a PRR of 1.28 indicates a slight signal for reported events. Because the evidence is limited to these statistical reporting metrics and does not describe specific physiological outcomes, the clinical significance appears low; however, clinicians should remain cautious as both substances are CNS depressants. The available evidence is considered limited due to the lack of descriptive clinical outcomes or mechanistic details in the provided dataset.",medium,6.053,6.193
HYPOGLYCEMIA,glibenclamide + fluconazole,glibenclamide + fluconazole,none,0,0,0,0,No information regarding an interaction between glibenclamide and fluconazole was found in the provided evidence. You should consult a doctor or pharmacist before taking these medications together to ensure your safety.,"Based on the retrieved evidence from the medical knowledge base, there is no data available concerning a drug-drug interaction between glibenclamide and fluconazole. Because the evidence is limited to ""No data found,"" it is impossible to determine the clinical risk, safety, or pharmacokinetic impact of concurrent administration from this source alone. Healthcare professionals should be aware that an absence of data in this specific search does not confirm the absence of an interaction; therefore, cautious monitoring and consultation of additional pharmacological databases are recommended.",medium,6.178,6.324
HYPOGLYCEMIA,insulin + alcohol,insulin + alcohol,none,0,0,0,0,"There is no information available in the provided medical database regarding an interaction between insulin and alcohol. Because no data was found, the safety or risk of this combination cannot be determined.","The retrieved evidence from the clinical knowledge base provides no data on the interaction between insulin and alcohol. Consequently, it is not possible to characterize the clinical significance, pharmacological risks, or safety profile of this combination based solely on the provided evidence. The evidence is considered limited due to the total absence of data, which prevents a professional assessment of how these substances may affect one another.",medium,9.449,9.613
HYPOGLYCEMIA,metformin + contrast_dye,metformin + contrast_dye,none,0,0,0,0,"There is no information available in the provided evidence regarding the interaction between metformin and contrast dye. Because no data was found, the safety of using these together cannot be determined from this source.","Based on the retrieved evidence from the medical knowledge base, no data was found concerning the interaction between metformin and contrast dye. Due to this complete lack of evidence, it is impossible to characterize the clinical risk, pharmacological mechanism, or safety profile of this drug-drug combination using the provided information. The absence of data in this report should be treated as a limitation of the evidence provided rather than an indication of safety.",medium,5.447,5.576
HYPOGLYCEMIA,glipizide + ciprofloxacin,glipizide + ciprofloxacin,duckdb_fallback,600,68,160,372,"Combining glipizide and ciprofloxacin may lead to a mild interaction. Because the evidence for this specific pairing is limited, patients should be mindful of any unusual symptoms and consult their healthcare provider if they have concerns.","The retrieved evidence from pharmacovigilance data suggests a potential drug-drug interaction between glipizide and ciprofloxacin, though the evidence is considered weak due to a very low reporting frequency (approximately 0.48%). Analysis of the Proportional Reporting Ratio (PRR) shows values ranging from 1.11 to 1.43; while a PRR greater than 1.0 indicates a potential signal where the medications are co-reported in adverse events more often than expected, these specific values represent a relatively modest statistical association. The interaction is consistently classified as ""mild"" in severity across all data points provided. Clinicians should be aware that while the statistical signal exists, the limited reporting frequency suggests this interaction may not be common, though monitoring for altered glycemic control is prudent when a fluoroquinolone is added to a sulfonylurea regimen.",medium,6.49,6.631
HYPOGLYCEMIA,insulin + beta_blocker,insulin + beta_blocker,none,0,0,0,0,There is no information available in the provided evidence regarding an interaction between insulin and beta-blockers. You should consult your doctor or pharmacist to discuss any potential risks before taking these medications together.,"Based on the retrieved evidence from the medical knowledge base, there is no data found regarding a specific interaction between insulin and beta-blockers. Because this evidence is limited by an absence of data, the clinical risk, mechanism, or safety profile of combining these two agents cannot be determined from the provided source. In clinical practice, the lack of documented interaction in a single database does not guarantee safety, and healthcare providers should refer to additional pharmacological resources to monitor for potential issues such as altered glycemic control or masking of hypoglycemic symptoms.",medium,4.608,4.743
HYPOGLYCEMIA,glibenclamide + trimethoprim,glibenclamide + trimethoprim,none,0,0,0,0,There is currently no documented information available regarding an interaction between glibenclamide and trimethoprim. Please consult your healthcare provider to discuss any potential risks before taking these medications together.,"A review of the provided clinical evidence indicates that there is no data found regarding a drug-drug interaction between glibenclamide and trimethoprim. Because evidence is non-existent in the retrieved knowledge base, the safety and risk profile of this specific combination cannot be assessed. In clinical practice, the absence of documented data does not necessarily imply that an interaction cannot occur; therefore, healthcare professionals should exercise caution and monitor patients for signs of altered glycemic control or unexpected adverse effects when these two agents are co-administered.",medium,3.32,3.455
HYPOGLYCEMIA,repaglinide + gemfibrozil,repaglinide + gemfibrozil,duckdb_fallback,85,7,13,65,"Based on the provided data, the interaction between repaglinide and gemfibrozil is categorized as mild with a low reporting frequency. However, this evidence is limited to statistical summaries and may not provide a complete picture of the clinical risks.","The retrieved evidence for the interaction between repaglinide and gemfibrozil is considered weak and limited, as it consists solely of pharmacovigilance reporting metrics. The interaction is classified as ""mild"" across all five data entries. The Proportional Reporting Ratios (PRR) range from 0.77 to 1.25, with a consistent reporting frequency of approximately 0.036. 

In pharmacovigilance, a PRR near 1.0 suggests that the adverse events reported for this drug combination occur at a rate similar to the background reporting rate for other drugs in the database, indicating the lack of a strong statistical signal for a severe interaction in this specific dataset. The evidence is limited because it lacks clinical context, mechanistic data (such as metabolic pathway interference), or specific outcomes (such as the degree of glycemic change). Therefore, while the provided evidence suggests the interaction is low-risk, it is insufficient for a comprehensive clinical assessment.",medium,9.592,9.732
HYPOGLYCEMIA,sitagliptin + insulin,sitagliptin + insulin,none,0,0,0,0,"There is currently no information available in the provided medical database regarding an interaction between sitagliptin and insulin. Because evidence is missing, you should consult your doctor or pharmacist to discuss the safety of using these medications together.","A search of the provided medical knowledge base returned no clinical data or documented interactions for the drug pair sitagliptin and insulin. Due to this lack of evidence, it is not possible to characterize the risk level, pharmacokinetic effects, or pharmacodynamic outcomes of combining these two agents based solely on the retrieved information. The evidence for this interaction is considered non-existent in this specific source; however, clinicians should note that the absence of data does not confirm the absence of risk. In clinical practice, the co-administration of insulin and dipeptidyl peptidase-4 (DPP-4) inhibitors often requires monitoring for hypoglycemia, but such conclusions cannot be drawn from the provided evidence.",medium,4.595,4.73
NEPHROTOXICITY,gentamicin + furosemide,gentamicin + furosemide,duckdb_fallback,843,204,204,435,"Combining gentamicin and furosemide is associated with a mild risk of side effects; however, documented reports of this interaction are very rare.","The retrieved evidence indicates a mild interaction between gentamicin and furosemide. The Proportional Reporting Ratio (PRR) values are inconsistent, ranging from 0.74 to 1.82 across five data points. While PRR values above 1.0 can suggest a potential safety signal, the reporting frequency for this interaction is extremely low, ranging from approximately 0.0017 to 0.0086. Because the reporting frequency is so low and the statistical signals (PRR) are varied, the evidence for a significant clinical interaction is considered weak and limited. The interaction is categorized as mild, suggesting that while a risk exists, it is not frequently observed in the provided dataset.",medium,7.249,7.382
NEPHROTOXICITY,ibuprofen + ACE_inhibitor,ibuprofen + ace_inhibitor,none,0,0,0,0,"No information was found regarding an interaction between ibuprofen and ACE inhibitors in the provided evidence. Because there is no data available in this record, the safety or risk of taking these medications together cannot be determined.","The retrieved evidence from the medical knowledge base contains no data regarding a potential interaction between ibuprofen and ACE inhibitors. Based strictly on the provided information, it is not possible to characterize the clinical risk, pharmacological mechanism, or safety profile of this drug combination. Due to this lack of data, the evidence is considered insufficient to provide a clinical assessment.",medium,5.334,5.467
NEPHROTOXICITY,ciclosporin + gentamicin,ciclosporin + gentamicin,none,0,0,0,0,There is currently no evidence provided regarding an interaction between ciclosporin and gentamicin. You should consult your doctor or pharmacist to discuss the safety of using these medications together.,"No clinical data or documented interaction evidence for the combination of ciclosporin and gentamicin was found in the provided source. Because no evidence is available, the safety profile and potential risks of this drug-drug combination cannot be determined from this knowledge base. Clinicians should exercise caution, as the absence of documented interaction data does not confirm the combination is safe, particularly given that both agents are independently associated with nephrotoxicity. Monitoring of renal function and drug levels is typically standard when combining such agents.",medium,6.161,6.296
NEPHROTOXICITY,methotrexate + ibuprofen,methotrexate + ibuprofen,duckdb_fallback,1760,773,495,492,"Combining methotrexate and ibuprofen may result in a mild interaction, though the provided data shows this is reported very infrequently. The evidence for this interaction is limited due to the low reporting frequency in the medical knowledge base.","Analysis of the retrieved pharmacovigilance data indicates a mild interaction between methotrexate and ibuprofen. The Proportional Reporting Ratios (PRR) range from 1.25 to 1.74 (with one value at 0.71), which suggests a potential signal where adverse events are reported slightly more frequently than expected compared to the database baseline. However, the evidence for this interaction is considered weak or limited because the absolute reporting frequencies are very low, ranging from approximately 0.0004 to 0.0177. While the severity is consistently classified as mild across all data points, the low frequency of reports suggests that this specific drug-drug interaction is not extensively documented within this dataset.",medium,6.095,6.231
NEPHROTOXICITY,vancomycin + gentamicin,vancomycin + gentamicin,duckdb_fallback,1083,319,270,494,Combining vancomycin and gentamicin is associated with a low frequency of mild interactions based on current report data. Your healthcare provider will monitor you to ensure the medications are working safely together.,"The evidence for an interaction between vancomycin and gentamicin, retrieved from spontaneous reporting data, indicates a ""mild"" severity level. The statistical data shows Proportional Reporting Ratios (PRR) ranging from 1.43 to 1.67 in several instances, suggesting a possible association in adverse event databases, though other reports show PRRs below 1.0 (0.23 to 0.85), indicating inconsistency in the signal. The reporting frequency is notably low, ranging from approximately 0.000973 to 0.004864. Because the provided evidence is limited to these statistical metrics and lacks clinical or mechanistic detail, the evidence for this interaction is considered weak and based solely on low-frequency reporting patterns.",medium,6.049,6.19
NEPHROTOXICITY,tenofovir + ibuprofen,tenofovir + ibuprofen,duckdb_fallback,82,16,14,52,"Combining tenofovir and ibuprofen is generally associated with a mild risk of interaction according to safety data. While these medications are often used together, you should inform your healthcare provider to ensure your kidney function is monitored.","The retrieved evidence from pharmacovigilance data indicates a mild interaction between tenofovir and ibuprofen. Analysis of reporting signals shows Proportional Reporting Ratios (PRR) ranging from 1.11 to 1.67, with reporting frequencies between 0.015% and 0.046%. A PRR greater than 1.0 suggests a statistical signal where adverse events for this drug pair are reported more frequently than expected compared to other drugs in the database. 

However, the evidence is limited to observational reporting signals and consistently classifies the severity as ""mild."" While the data points to a potential interaction, the low reporting frequency and mild severity rating suggest that the clinical impact may be limited for most patients. Clinicians should be aware of this signal, as both agents can impact renal function, though the provided evidence does not explicitly define the physiological mechanism.",medium,5.831,5.972
NEPHROTOXICITY,lithium + ibuprofen,lithium + ibuprofen,duckdb_fallback,369,62,102,205,"Taking lithium and ibuprofen together may lead to a mild interaction. While the risk is considered low, you should consult your healthcare provider before combining these medications to ensure your lithium levels remain stable.","The available evidence indicates a mild interaction between lithium and ibuprofen. Data retrieved from pharmacovigilance reporting shows Proportional Reporting Ratios (PRR) ranging from 0.89 to 1.67, with reporting frequencies between 0.006 and 0.026. A PRR above 1.0 suggests that adverse events are reported slightly more frequently when these two drugs are used together than when they are used independently.

The evidence is limited to statistical reporting metrics and does not specify the physiological mechanism (such as altered renal clearance) or specific clinical outcomes. Because the severity is consistently classified as ""mild"" across multiple data points and the reporting frequency is low, the interaction is present but appears to have a modest clinical signal in the provided dataset. Clinicians should note that even mild interactions involving lithium can be significant due to its narrow therapeutic index, and the reporting ratios suggest a need for awareness when co-prescribing these agents.",medium,7.514,7.655
NEPHROTOXICITY,ciclosporin + tacrolimus,ciclosporin + tacrolimus,none,0,0,0,0,"There is currently no specific information available in the provided medical records regarding how ciclosporin and tacrolimus interact. Because this evidence is missing, the safety or risk of using these two medications together cannot be determined from the available data.","The retrieved evidence for the drug pair ciclosporin and tacrolimus indicates ""No data found."" As a result, the evidence regarding a potential interaction is non-existent within the provided knowledge base. From a clinical pharmacology perspective, when evidence is absent, a definitive risk profile cannot be established. However, the lack of data for combining these two agents is significant because both medications are calcineurin inhibitors with similar mechanisms of action and side-effect profiles (such as nephrotoxicity). Combining them would generally be considered redundant and potentially hazardous due to the additive risk of toxicity, but based strictly on the provided evidence, no specific interaction data is available to characterize the clinical outcome.",medium,6.012,6.16
HYPERKALEMIA,lisinopril + spironolactone,lisinopril + spironolactone,none,0,0,0,0,"There is currently no data available in the provided evidence regarding an interaction between lisinopril and spironolactone. Because no information was found, it is not possible to determine if this combination is safe, and you should consult your healthcare provider.","Based on the retrieved evidence from the medical knowledge base, there is no documented data available for the drug pair lisinopril and spironolactone. This lack of information represents a significant limitation in the evidence, meaning that no conclusion can be drawn regarding the clinical risk or safety of co-administering these medications. In the absence of specific evidence, healthcare professionals should not assume the combination is safe and should instead consult supplementary clinical guidelines or alternative pharmacological databases to evaluate potential risks such as additive effects on serum electrolytes.",medium,6.481,6.621
HYPERKALEMIA,losartan + eplerenone,losartan + eplerenone,duckdb_fallback,183,41,56,86,Taking losartan and eplerenone together may result in a mild interaction. You should ensure your healthcare provider monitors your progress while taking this combination.,"The retrieved pharmacovigilance data indicates a mild interaction between losartan, an angiotensin II receptor blocker (ARB), and eplerenone, a selective aldosterone receptor antagonist. Analysis of the evidence shows Proportional Reporting Ratios (PRR) ranging from 1.43 to 1.82. A PRR greater than 1.0 suggests that adverse events are reported more frequently for this drug combination than would be expected compared to other drugs in the database. However, the reporting frequency is relatively low, ranging from approximately 1.03% to 3.09%. While the severity is categorized as mild, the statistical signal suggests that healthcare professionals should monitor for potential additive effects typical of dual renin-angiotensin-aldosterone system (RAAS) blockade, such as hyperkalemia or changes in renal function. Evidence is currently limited to statistical reporting signals without specific clinical outcomes detailed.",medium,7.609,7.747
HYPERKALEMIA,enalapril + trimethoprim,enalapril + trimethoprim,duckdb_fallback,625,101,179,345,"Combining enalapril and trimethoprim may cause a mild interaction, though current evidence shows these events are reported very infrequently. Your healthcare provider may monitor you for side effects while using both medications.","The evidence retrieved from the medical knowledge base classifies the interaction between enalapril and trimethoprim as ""mild."" Statistical analysis shows Proportional Reporting Ratios (PRR) ranging from 0.80 to 1.76, indicating a potential but inconsistent signal in pharmacovigilance data. The reporting frequency for this drug-drug interaction is notably low, ranging from approximately 0.004% to 0.03%. 

The evidence for this interaction is considered limited due to these low reporting frequencies. Clinically, this interaction is generally managed with monitoring because both enalapril (an ACE inhibitor) and trimethoprim can decrease the renal excretion of potassium, potentially leading to elevated potassium levels. However, based strictly on the provided evidence, the severity remains mild and the documented occurrence rate is very low.",medium,8.207,8.353
HYPERKALEMIA,spironolactone + potassium_supplement,spironolactone + potassium_supplement,none,0,0,0,0,"There is currently no information available in the provided evidence regarding an interaction between spironolactone and potassium supplements. Because no data was found, the safety of combining these medications cannot be determined from this source.","Based on the retrieved evidence from the medical knowledge base, no data was found regarding the interaction between spironolactone and potassium supplements. Therefore, it is not possible to characterize the clinical risks, safety profile, or pharmacological mechanisms of this specific combination using the provided information. The evidence is considered non-existent in this context, and clinical caution is advised as the absence of data does not necessarily indicate a lack of interaction.",medium,5.021,5.157
HYPERKALEMIA,tacrolimus + enalapril,tacrolimus + enalapril,duckdb_fallback,633,197,160,276,Combining tacrolimus and enalapril may result in a mild interaction that usually requires routine monitoring by your healthcare provider. The current evidence for a significant risk between these two medications is limited and reporting frequencies are low.,"Analysis of pharmacovigilance data indicates a potential mild interaction between tacrolimus (an immunosuppressant) and enalapril (an ACE inhibitor). The retrieved evidence shows Proportional Reporting Ratios (PRR) ranging from 0.38 to 1.52, which represents a weak and inconsistent signal of association. Furthermore, the reporting frequency is very low, ranging from 0.002299 to 0.011494. While both medications can independently impact renal function and serum potassium levels, the provided evidence characterizes the severity of their combined use as mild. Due to the limited nature of the data and the low reporting frequency, this interaction is not strongly established in this dataset, though clinicians should remain observant of renal parameters and electrolyte balance in patients taking both agents.",medium,5.903,6.038
HYPERTENSIVE_CRISIS,phenelzine + pseudoephedrine,phenelzine + pseudoephedrine,none,0,0,0,0,"No information was found in the provided evidence regarding an interaction between phenelzine and pseudoephedrine. Because no data is available, the safety of combining these medications cannot be determined from this source.","The retrieved evidence from the medical knowledge base for the drug pair phenelzine and pseudoephedrine states ""No data found."" This evidence is considered extremely limited, and as a result, it is impossible to provide a clinical explanation regarding the risks or safety of this combination based solely on the provided information. The absence of data should not be interpreted as an absence of risk; it indicates that no specific interaction data was retrieved from the source provided. Healthcare professionals should consult additional, comprehensive pharmacology resources before co-administration to ensure patient safety.",medium,12.167,12.3
HYPERTENSIVE_CRISIS,tranylcypromine + ephedrine,tranylcypromine + ephedrine,none,0,0,0,0,"There is no information available in the provided evidence regarding an interaction between tranylcypromine and ephedrine. Because this data is missing, it is not possible to determine if this combination is safe or risky.","The retrieved evidence for the drug pair tranylcypromine and ephedrine provides no clinical data or interaction details. As the evidence is limited to the statement ""No data found,"" it is impossible to provide a clinical assessment of risk, mechanism, or severity based solely on the provided information. In a clinical setting, the absence of data in a single knowledge base does not confirm that an interaction does not exist; therefore, the safety of combining these agents cannot be established from this source. Further investigation into additional pharmacological resources is necessary before co-administration.",medium,6.812,6.95
HYPERTENSIVE_CRISIS,selegiline + tyramine_rich_food,selegiline + tyramine_rich_food,none,0,0,0,0,"No information was found in the provided evidence regarding the interaction between selegiline and tyramine-rich food. Therefore, the safety or risk of this combination cannot be determined from the available data.","A search of the retrieved medical knowledge base for interaction evidence between selegiline and tyramine-rich foods returned no data. As a result, the evidence is nonexistent in the provided source, making it impossible to clinically characterize the risk level, mechanism of action, or safety profile of this specific combination. Because the information is missing, no professional assessment can be made regarding potential adverse effects or dietary restrictions based solely on this evidence.",medium,7.526,7.857
HYPERTENSIVE_CRISIS,phenelzine + dopamine,phenelzine + dopamine,none,0,0,0,0,"There is no specific data available in the provided evidence regarding an interaction between phenelzine and dopamine. However, these medications belong to classes that are typically dangerous to combine due to the risk of life-threatening blood pressure increases.","The retrieved evidence indicates that there is no specific data found for the interaction between phenelzine and dopamine. Clinically, this lack of data should be interpreted as a lack of specific documentation in this database rather than an absence of risk. Phenelzine is a non-selective, irreversible monoamine oxidase inhibitor (MAOI), and dopamine is a catecholamine and a direct substrate for the MAO enzyme. Pharmacologically, MAOIs prevent the breakdown of dopamine, which can lead to a massive accumulation of catecholamines. This interaction is traditionally contraindicated because it can precipitate a hypertensive crisis, severe tachycardia, and potentially fatal cardiovascular events. Extreme caution and strict clinical monitoring are required when using sympathomimetic agents in patients treated with MAOIs.",medium,6.1,6.61
HYPERTENSIVE_CRISIS,moclobemide + pseudoephedrine,moclobemide + pseudoephedrine,none,0,0,0,0,"There is no information available in the provided medical evidence regarding the interaction between moclobemide and pseudoephedrine. Because no data was found, the safety of this combination cannot be confirmed.","The retrieved evidence for the drug pair moclobemide and pseudoephedrine states ""No data found."" Consequently, there is no clinical evidence provided to assess the presence, severity, or mechanism of a potential interaction between these two agents. As the interaction is currently uncharacterized in the provided knowledge base, the risk profile is unknown. In a clinical context, the absence of data should be treated as a limitation, and the combination should not be assumed safe without consulting additional pharmacological resources, particularly given the respective drug classes (MAOI and sympathomimetic). Based strictly on the evidence provided, no specific interaction risk can be explained.",medium,8.982,9.601
CARDIOVASCULAR,digoxin + amiodarone,digoxin + amiodarone,duckdb_fallback,2063,590,581,892,"Evidence suggests a mild interaction between digoxin and amiodarone, which may lead to a slight increase in reported side effects. While the risk is consistently categorized as mild, it is important to note that this combination is associated with a higher frequency of reports compared to other drug pairings.","The interaction between digoxin and amiodarone is classified as mild based on pharmacovigilance data. The provided evidence shows Proportional Reporting Ratios (PRR) ranging from 1.03 to 1.98, indicating a statistical signal that adverse events are reported 1.03 to 1.98 times more frequently for this specific combination than would be expected by chance. 

However, the clinical evidence is somewhat limited by low reporting frequencies, which range from 0.000376 to 0.007889. While the interaction is consistently identified as mild across five separate data entries, the relatively low PRR values (mostly under 2.0) suggest a weak-to-moderate statistical association rather than a severe clinical risk. The risk is primarily defined by this increased reporting frequency in medical databases, though the absolute number of reports remains low.",medium,10.296,10.785
CARDIOVASCULAR,metoprolol + verapamil,metoprolol + verapamil,duckdb_fallback,1543,455,483,605,"Combining metoprolol and verapamil is generally associated with a mild risk of interaction according to the available data. However, the evidence is limited due to low reporting frequencies and inconsistent statistical signals.","The retrieved evidence from the clinical knowledge base indicates a mild severity for the interaction between metoprolol and verapamil. The data points show Proportional Reporting Ratios (PRR) ranging from 0.71 to 1.75, which suggests a weak or inconsistent statistical signal for adverse events related to this drug pair. Furthermore, the reporting frequencies are very low, ranging from 0.000712 to 0.022080, indicating that documented interactions are not highly prevalent in this dataset. This interaction is categorized as risky primarily because both drugs can have additive effects on cardiac parameters, but the ""mild"" designation suggests that these effects do not frequently lead to severe clinical outcomes in the reported cases. Due to the low frequency and fluctuating PRR values, the current evidence for a high-impact interaction in this specific source is limited.",medium,7.225,7.725
CARDIOVASCULAR,sildenafil + nitrates,sildenafil + nitrates,none,0,0,0,0,"There is currently no information available in the provided database regarding an interaction between sildenafil and nitrates. Because no data was found, you must consult a healthcare professional to ensure these medications are safe to take together.","Based on the retrieved evidence from the medical knowledge base, no data was found regarding a potential interaction between sildenafil and nitrates. The evidence for this drug pair is limited to the point of being non-existent in the provided source; therefore, it is impossible to characterize the clinical risk, mechanism, or safety profile of this combination based solely on the provided information. The absence of data should not be interpreted as an absence of risk, and clinical verification from alternative sources is required.",medium,5.798,6.249
CARDIOVASCULAR,clonidine + beta_blocker,clonidine + beta_blocker,none,0,0,0,0,No information was found regarding an interaction between clonidine and beta-blockers in the provided medical records. You should consult a doctor or pharmacist before taking these medications together.,"The retrieved evidence from the medical knowledge base contains no data regarding a potential interaction between clonidine and beta-blockers. Because no information was found in the provided source, it is not possible to determine if this combination is safe or risky, nor can any clinical implications be identified based solely on this evidence. In cases where data is absent, healthcare professionals should consult supplemental clinical resources and exercise caution.",medium,5.267,5.814
CARDIOVASCULAR,digoxin + clarithromycin,digoxin + clarithromycin,duckdb_fallback,701,101,190,410,There is a potential for a mild interaction when taking digoxin and clarithromycin together. Current evidence for this interaction is limited due to a very low number of reported cases.,"The retrieved evidence identifies a ""mild"" interaction between digoxin and clarithromycin. Across five data entries, Proportional Reporting Ratios (PRR) range from 1.43 to 1.85, indicating a statistical signal that adverse events are reported more frequently when these drugs are used in combination compared to when they are used independently. However, the evidence for this interaction is considered limited, as the reporting frequencies are very low (ranging from 0.003 to 0.015). This interaction is identified as potentially risky due to the elevated PRR signals, which suggest a higher-than-expected occurrence of adverse reports, although the specific pharmacological mechanism is not detailed in the provided evidence.",medium,11.436,11.575
CARDIOVASCULAR,amlodipine + simvastatin,amlodipine + simvastatin,none,0,0,0,0,"There is currently no information available in the provided medical records regarding an interaction between amlodipine and simvastatin. Because of this lack of data, it is not possible to determine if combining these medications is safe or risky.","Based on the retrieved evidence provided, there is no data found concerning a drug-drug interaction between amlodipine and simvastatin. The evidence is considered extremely limited or non-existent within this specific dataset; therefore, no clinical assessment of risk or safety can be performed. In the absence of data, healthcare professionals should be aware that the potential for adverse effects or pharmacokinetic changes cannot be ruled out and should consult additional pharmacological resources to guide clinical decision-making.",medium,4.453,4.593
CARDIOVASCULAR,ivabradine + verapamil,ivabradine + verapamil,none,0,0,0,0,"There is no information available in the provided evidence regarding an interaction between ivabradine and verapamil. Because no data was found, it is not possible to determine if this combination is safe or carries specific risks.","Evidence regarding the interaction between ivabradine and verapamil is currently absent from the provided medical knowledge base. As the retrieved evidence states ""No data found,"" there is a significant limitation in assessing the clinical safety or potential adverse effects of co-administering these two medications. Without specific pharmacokinetic or pharmacodynamic data, the interaction risk—such as potential impacts on heart rate or metabolic pathways—cannot be determined based solely on the evidence provided. Consistent with clinical safety protocols, the absence of data should be treated as a lack of established safety for the combination.",medium,6.883,7.015
HEPATOTOXICITY,isoniazid + rifampicin,isoniazid + rifampicin,none,0,0,0,0,"There is no information available in the provided database regarding how isoniazid and rifampicin interact. Because of this lack of data, it is not possible to determine if combining these medications is safe or risky.","A search of the provided clinical evidence returns no data regarding a drug-drug interaction between isoniazid and rifampicin. Due to this lack of information, the pharmacological profile of this combination—including potential pharmacokinetic interference or pharmacodynamic synergy—cannot be evaluated. The absence of evidence should not be interpreted as an absence of risk; rather, the interaction is currently uncharacterized in the provided source, necessitating the use of additional clinical resources to determine safety and monitor for potential adverse effects.",medium,5.818,5.952
HEPATOTOXICITY,methotrexate + alcohol,methotrexate + alcohol,none,0,0,0,0,There is no information available in the provided evidence regarding an interaction between methotrexate and alcohol.,"A review of the retrieved medical evidence yielded no data concerning the interaction between methotrexate and alcohol. Because the evidence is limited to a ""no data found"" result, the clinical risks, safety profile, or pharmacological mechanisms of combining these substances cannot be determined or explained based solely on the provided information.",medium,7.141,7.268
HEPATOTOXICITY,valproate + carbamazepine,valproate + carbamazepine,duckdb_fallback,2134,712,561,861,"Combining valproate and carbamazepine may result in a mild interaction, though current reports show this is an infrequent occurrence. You should be monitored by your healthcare provider if taking both medications together.","Analysis of the provided pharmacovigilance data indicates a mild interaction between valproate and carbamazepine. The Proportional Reporting Ratio (PRR) values range from 0.56 to 1.67; values above 1.0 suggest a potential safety signal, though the magnitude of these ratios is relatively low. Furthermore, the reporting frequency is limited, with the highest recorded frequency at 0.014558 and others as low as 0.000347. While the evidence suggests the interaction severity is mild, the presence of PRR values exceeding 1.0 across multiple entries indicates a detectable association between this drug pair and reported adverse events. Due to the low reporting frequency and mild severity classification, the evidence base for this specific interaction in the provided dataset is considered limited.",medium,6.179,6.318
HEPATOTOXICITY,statins + niacin,statins + niacin,none,0,0,0,0,"There is no information available in the provided medical records regarding an interaction between statins and niacin. Because no data was found, you should consult a doctor or pharmacist to determine if it is safe for you to take these medications together.","Based on the retrieved evidence from the medical knowledge base, there is no data found concerning a drug-drug interaction between statins and niacin. Because the evidence is non-existent within this specific dataset, a clinical risk assessment or determination of safety cannot be provided. Healthcare professionals should consider this lack of data as a limitation and consult alternative pharmacological resources or clinical guidelines to evaluate potential risks, such as increased muscle toxicity, before co-administration.",medium,5.241,5.384
EDGE_CASES,warfarin + aspirin + fluconazole,warfarin + aspirin,duckdb_fallback,4090,1549,1174,1367,"Combining warfarin, aspirin, and fluconazole may lead to mild interactions. You should consult your healthcare provider to ensure you are being monitored appropriately while taking these medications together.","Based on the retrieved evidence, interactions between warfarin, aspirin, and fluconazole are categorized as mild across all pairs. The statistical data indicates a relatively weak signal for these interactions:

1. Warfarin + Aspirin: Analysis shows Proportional Reporting Ratios (PRR) ranging from 0.43 to 1.25 with very low reporting frequencies (max 0.001340).
2. Warfarin + Fluconazole: Evidence indicates PRR values between 0.83 and 1.82, with reporting frequencies reaching a maximum of 0.002334.
3. Aspirin + Fluconazole: Reported PRR values range from 0.91 to 1.67, with low reporting frequencies (max 0.001211).

The evidence for these interactions is considered limited due to the very low reporting frequencies and the consistently mild severity ratings. While the PRR values suggest some level of disproportionate reporting for certain combinations (particularly warfarin/fluconazole and aspirin/fluconazole), the overall clinical risk based strictly on this dataset appears low. Patients should be monitored for any change in therapeutic effect or adverse signs, as even mild interactions can be clinically relevant in a multi-drug regimen.",medium,8.065,8.513
EDGE_CASES,warfarin + aspirin + fluconazole,warfarin + fluconazole,duckdb_fallback,1540,210,375,955,"Combining warfarin, aspirin, and fluconazole may lead to mild interactions. You should consult your healthcare provider to ensure you are being monitored appropriately while taking these medications together.","Based on the retrieved evidence, interactions between warfarin, aspirin, and fluconazole are categorized as mild across all pairs. The statistical data indicates a relatively weak signal for these interactions:

1. Warfarin + Aspirin: Analysis shows Proportional Reporting Ratios (PRR) ranging from 0.43 to 1.25 with very low reporting frequencies (max 0.001340).
2. Warfarin + Fluconazole: Evidence indicates PRR values between 0.83 and 1.82, with reporting frequencies reaching a maximum of 0.002334.
3. Aspirin + Fluconazole: Reported PRR values range from 0.91 to 1.67, with low reporting frequencies (max 0.001211).

The evidence for these interactions is considered limited due to the very low reporting frequencies and the consistently mild severity ratings. While the PRR values suggest some level of disproportionate reporting for certain combinations (particularly warfarin/fluconazole and aspirin/fluconazole), the overall clinical risk based strictly on this dataset appears low. Patients should be monitored for any change in therapeutic effect or adverse signs, as even mild interactions can be clinically relevant in a multi-drug regimen.",medium,8.065,8.513
EDGE_CASES,warfarin + aspirin + fluconazole,aspirin + fluconazole,duckdb_fallback,2067,414,571,1082,"Combining warfarin, aspirin, and fluconazole may lead to mild interactions. You should consult your healthcare provider to ensure you are being monitored appropriately while taking these medications together.","Based on the retrieved evidence, interactions between warfarin, aspirin, and fluconazole are categorized as mild across all pairs. The statistical data indicates a relatively weak signal for these interactions:

1. Warfarin + Aspirin: Analysis shows Proportional Reporting Ratios (PRR) ranging from 0.43 to 1.25 with very low reporting frequencies (max 0.001340).
2. Warfarin + Fluconazole: Evidence indicates PRR values between 0.83 and 1.82, with reporting frequencies reaching a maximum of 0.002334.
3. Aspirin + Fluconazole: Reported PRR values range from 0.91 to 1.67, with low reporting frequencies (max 0.001211).

The evidence for these interactions is considered limited due to the very low reporting frequencies and the consistently mild severity ratings. While the PRR values suggest some level of disproportionate reporting for certain combinations (particularly warfarin/fluconazole and aspirin/fluconazole), the overall clinical risk based strictly on this dataset appears low. Patients should be monitored for any change in therapeutic effect or adverse signs, as even mild interactions can be clinically relevant in a multi-drug regimen.",medium,8.065,8.513
EDGE_CASES,sertraline + tramadol + linezolid,sertraline + tramadol,duckdb_fallback,1830,514,609,707,"Combining these medications may increase the risk of side effects because all three drugs affect serotonin levels in the brain. While the evidence suggests these interactions are generally mild, you should be monitored closely for any unusual symptoms.","The retrieved evidence identifies potential interactions between all three drug pairs (sertraline/tramadol, sertraline/linezolid, and tramadol/linezolid) with a severity level classified as ""mild."" The data consists of Proportional Reporting Ratios (PRR) ranging from 0.25 to 1.85 and relatively low reporting frequencies. 

The risk associated with these combinations stems from their cumulative effect on the serotonergic system. Sertraline is a Selective Serotonin Reuptake Inhibitor (SSRI), tramadol is an opioid analgesic with serotonergic properties, and linezolid is an oxazolidinone antibiotic that acts as a weak, reversible non-selective monoamine oxidase inhibitor (MAOI). When used together, these agents can increase the concentration of serotonin in the central nervous system. Although the provided evidence characterizes the interaction as mild, the overlap in mechanisms is a known clinical precursor for serotonin-related adverse effects. The evidence presented is based on pharmacovigilance reporting data (PRRs), which serves as a signal for potential interactions but is limited in its ability to predict specific clinical outcomes for individual patients.",medium,5.911,6.343
EDGE_CASES,sertraline + tramadol + linezolid,sertraline + linezolid,duckdb_fallback,236,40,77,119,"Combining these medications may increase the risk of side effects because all three drugs affect serotonin levels in the brain. While the evidence suggests these interactions are generally mild, you should be monitored closely for any unusual symptoms.","The retrieved evidence identifies potential interactions between all three drug pairs (sertraline/tramadol, sertraline/linezolid, and tramadol/linezolid) with a severity level classified as ""mild."" The data consists of Proportional Reporting Ratios (PRR) ranging from 0.25 to 1.85 and relatively low reporting frequencies. 

The risk associated with these combinations stems from their cumulative effect on the serotonergic system. Sertraline is a Selective Serotonin Reuptake Inhibitor (SSRI), tramadol is an opioid analgesic with serotonergic properties, and linezolid is an oxazolidinone antibiotic that acts as a weak, reversible non-selective monoamine oxidase inhibitor (MAOI). When used together, these agents can increase the concentration of serotonin in the central nervous system. Although the provided evidence characterizes the interaction as mild, the overlap in mechanisms is a known clinical precursor for serotonin-related adverse effects. The evidence presented is based on pharmacovigilance reporting data (PRRs), which serves as a signal for potential interactions but is limited in its ability to predict specific clinical outcomes for individual patients.",medium,5.911,6.343
EDGE_CASES,sertraline + tramadol + linezolid,tramadol + linezolid,duckdb_fallback,293,68,85,140,"Combining these medications may increase the risk of side effects because all three drugs affect serotonin levels in the brain. While the evidence suggests these interactions are generally mild, you should be monitored closely for any unusual symptoms.","The retrieved evidence identifies potential interactions between all three drug pairs (sertraline/tramadol, sertraline/linezolid, and tramadol/linezolid) with a severity level classified as ""mild."" The data consists of Proportional Reporting Ratios (PRR) ranging from 0.25 to 1.85 and relatively low reporting frequencies. 

The risk associated with these combinations stems from their cumulative effect on the serotonergic system. Sertraline is a Selective Serotonin Reuptake Inhibitor (SSRI), tramadol is an opioid analgesic with serotonergic properties, and linezolid is an oxazolidinone antibiotic that acts as a weak, reversible non-selective monoamine oxidase inhibitor (MAOI). When used together, these agents can increase the concentration of serotonin in the central nervous system. Although the provided evidence characterizes the interaction as mild, the overlap in mechanisms is a known clinical precursor for serotonin-related adverse effects. The evidence presented is based on pharmacovigilance reporting data (PRRs), which serves as a signal for potential interactions but is limited in its ability to predict specific clinical outcomes for individual patients.",medium,5.911,6.343
EDGE_CASES,ramipril + furosemide + ibuprofen,ramipril + furosemide,duckdb_fallback,3158,1333,938,887,"Taking ramipril, furosemide, and ibuprofen together may increase the risk of side effects affecting your kidneys or blood pressure. While the reported evidence classifies these interactions as mild, you should consult your healthcare provider before using these medications at the same time.","Based on the retrieved evidence from the duckdb_fallback medical knowledge base, the interactions between ramipril + furosemide, ramipril + ibuprofen, and furosemide + ibuprofen are all categorized as ""mild"" in severity. 

The evidence for these interactions is characterized as follows:
- **Ramipril + Furosemide:** PRR values range from 0.56 to 1.82, with a maximum reporting frequency of 0.001942.
- **Ramipril + Ibuprofen:** PRR values range from 0.62 to 1.43, with a maximum reporting frequency of 0.001692.
- **Furosemide + Ibuprofen:** PRR values range from 0.62 to 1.43, with a maximum reporting frequency of 0.000792.

The PRR (Proportional Reporting Ratio) values above 1.0 in several entries suggest a possible statistical association between these drug pairs and reported adverse events. However, the evidence is considered limited or weak because the reporting frequencies are consistently very low (all under 0.2%). 

The potential risk in these combinations involves the concurrent use of an ACE inhibitor (ramipril), a loop diuretic (furosemide), and a nonsteroidal anti-inflammatory drug (ibuprofen). This combination can be clinically significant because each drug affects renal hemodynamics and fluid balance through different mechanisms: ACE inhibitors affect the efferent arterioles, diuretics can cause volume depletion, and NSAIDs can inhibit prostaglandins that dilate the afferent arterioles. While the provided evidence classifies these as mild, the cumulative effect of using all three medications may impact renal function more significantly than any single pair.",medium,9.267,9.721
EDGE_CASES,ramipril + furosemide + ibuprofen,ramipril + ibuprofen,duckdb_fallback,1351,440,401,510,"Taking ramipril, furosemide, and ibuprofen together may increase the risk of side effects affecting your kidneys or blood pressure. While the reported evidence classifies these interactions as mild, you should consult your healthcare provider before using these medications at the same time.","Based on the retrieved evidence from the duckdb_fallback medical knowledge base, the interactions between ramipril + furosemide, ramipril + ibuprofen, and furosemide + ibuprofen are all categorized as ""mild"" in severity. 

The evidence for these interactions is characterized as follows:
- **Ramipril + Furosemide:** PRR values range from 0.56 to 1.82, with a maximum reporting frequency of 0.001942.
- **Ramipril + Ibuprofen:** PRR values range from 0.62 to 1.43, with a maximum reporting frequency of 0.001692.
- **Furosemide + Ibuprofen:** PRR values range from 0.62 to 1.43, with a maximum reporting frequency of 0.000792.

The PRR (Proportional Reporting Ratio) values above 1.0 in several entries suggest a possible statistical association between these drug pairs and reported adverse events. However, the evidence is considered limited or weak because the reporting frequencies are consistently very low (all under 0.2%). 

The potential risk in these combinations involves the concurrent use of an ACE inhibitor (ramipril), a loop diuretic (furosemide), and a nonsteroidal anti-inflammatory drug (ibuprofen). This combination can be clinically significant because each drug affects renal hemodynamics and fluid balance through different mechanisms: ACE inhibitors affect the efferent arterioles, diuretics can cause volume depletion, and NSAIDs can inhibit prostaglandins that dilate the afferent arterioles. While the provided evidence classifies these as mild, the cumulative effect of using all three medications may impact renal function more significantly than any single pair.",medium,9.267,9.721
EDGE_CASES,ramipril + furosemide + ibuprofen,furosemide + ibuprofen,duckdb_fallback,2360,514,775,1071,"Taking ramipril, furosemide, and ibuprofen together may increase the risk of side effects affecting your kidneys or blood pressure. While the reported evidence classifies these interactions as mild, you should consult your healthcare provider before using these medications at the same time.","Based on the retrieved evidence from the duckdb_fallback medical knowledge base, the interactions between ramipril + furosemide, ramipril + ibuprofen, and furosemide + ibuprofen are all categorized as ""mild"" in severity. 

The evidence for these interactions is characterized as follows:
- **Ramipril + Furosemide:** PRR values range from 0.56 to 1.82, with a maximum reporting frequency of 0.001942.
- **Ramipril + Ibuprofen:** PRR values range from 0.62 to 1.43, with a maximum reporting frequency of 0.001692.
- **Furosemide + Ibuprofen:** PRR values range from 0.62 to 1.43, with a maximum reporting frequency of 0.000792.

The PRR (Proportional Reporting Ratio) values above 1.0 in several entries suggest a possible statistical association between these drug pairs and reported adverse events. However, the evidence is considered limited or weak because the reporting frequencies are consistently very low (all under 0.2%). 

The potential risk in these combinations involves the concurrent use of an ACE inhibitor (ramipril), a loop diuretic (furosemide), and a nonsteroidal anti-inflammatory drug (ibuprofen). This combination can be clinically significant because each drug affects renal hemodynamics and fluid balance through different mechanisms: ACE inhibitors affect the efferent arterioles, diuretics can cause volume depletion, and NSAIDs can inhibit prostaglandins that dilate the afferent arterioles. While the provided evidence classifies these as mild, the cumulative effect of using all three medications may impact renal function more significantly than any single pair.",medium,9.267,9.721
EDGE_CASES,amiodarone + haloperidol + ciprofloxacin,amiodarone + haloperidol,duckdb_fallback,316,50,83,183,"Combining amiodarone, haloperidol, or ciprofloxacin is associated with a mild risk of drug interactions according to reported medical data. You should consult your healthcare provider to ensure your treatment is monitored correctly.","Based on the retrieved evidence from the medical knowledge base, the drug pairs (amiodarone + haloperidol, amiodarone + ciprofloxacin, and haloperidol + ciprofloxacin) are all classified with a ""mild"" interaction severity. 

Statistical data from reporting databases show the following:
- **Amiodarone + Haloperidol:** PRR values range from 0.24 to 1.74, with a maximum reporting frequency of 0.027.
- **Amiodarone + Ciprofloxacin:** PRR values range from 1.05 to 1.88, with a maximum reporting frequency of 0.052.
- **Haloperidol + Ciprofloxacin:** PRR values range from 0.91 to 1.67, with a maximum reporting frequency of 0.026.

While these Proportional Reporting Ratios (PRR) indicate a statistical association in adverse event databases, the evidence is categorized as mild, suggesting that while interactions are possible, they may not be severe for most patients. However, the evidence provided is limited to statistical reporting frequencies and does not specify the underlying biological mechanism. Clinicians should be aware of these associations and monitor patients for any adverse clinical changes when these medications are used concomitantly.",medium,8.267,8.713
EDGE_CASES,amiodarone + haloperidol + ciprofloxacin,amiodarone + ciprofloxacin,duckdb_fallback,937,150,228,559,"Combining amiodarone, haloperidol, or ciprofloxacin is associated with a mild risk of drug interactions according to reported medical data. You should consult your healthcare provider to ensure your treatment is monitored correctly.","Based on the retrieved evidence from the medical knowledge base, the drug pairs (amiodarone + haloperidol, amiodarone + ciprofloxacin, and haloperidol + ciprofloxacin) are all classified with a ""mild"" interaction severity. 

Statistical data from reporting databases show the following:
- **Amiodarone + Haloperidol:** PRR values range from 0.24 to 1.74, with a maximum reporting frequency of 0.027.
- **Amiodarone + Ciprofloxacin:** PRR values range from 1.05 to 1.88, with a maximum reporting frequency of 0.052.
- **Haloperidol + Ciprofloxacin:** PRR values range from 0.91 to 1.67, with a maximum reporting frequency of 0.026.

While these Proportional Reporting Ratios (PRR) indicate a statistical association in adverse event databases, the evidence is categorized as mild, suggesting that while interactions are possible, they may not be severe for most patients. However, the evidence provided is limited to statistical reporting frequencies and does not specify the underlying biological mechanism. Clinicians should be aware of these associations and monitor patients for any adverse clinical changes when these medications are used concomitantly.",medium,8.267,8.713
EDGE_CASES,amiodarone + haloperidol + ciprofloxacin,haloperidol + ciprofloxacin,duckdb_fallback,653,101,181,371,"Combining amiodarone, haloperidol, or ciprofloxacin is associated with a mild risk of drug interactions according to reported medical data. You should consult your healthcare provider to ensure your treatment is monitored correctly.","Based on the retrieved evidence from the medical knowledge base, the drug pairs (amiodarone + haloperidol, amiodarone + ciprofloxacin, and haloperidol + ciprofloxacin) are all classified with a ""mild"" interaction severity. 

Statistical data from reporting databases show the following:
- **Amiodarone + Haloperidol:** PRR values range from 0.24 to 1.74, with a maximum reporting frequency of 0.027.
- **Amiodarone + Ciprofloxacin:** PRR values range from 1.05 to 1.88, with a maximum reporting frequency of 0.052.
- **Haloperidol + Ciprofloxacin:** PRR values range from 0.91 to 1.67, with a maximum reporting frequency of 0.026.

While these Proportional Reporting Ratios (PRR) indicate a statistical association in adverse event databases, the evidence is categorized as mild, suggesting that while interactions are possible, they may not be severe for most patients. However, the evidence provided is limited to statistical reporting frequencies and does not specify the underlying biological mechanism. Clinicians should be aware of these associations and monitor patients for any adverse clinical changes when these medications are used concomitantly.",medium,8.267,8.713
EDGE_CASES,oxycodone + alprazolam + gabapentin,oxycodone + alprazolam,duckdb_fallback,3060,1282,921,857,"Taking oxycodone, alprazolam, and gabapentin together is associated with a mild risk of drug interactions, though these events are reported with relatively low frequency.","Pharmacovigilance data for the combinations of oxycodone, alprazolam, and gabapentin indicate a mild interaction profile across all three pairings. Statistical signals, measured by the Proportional Reporting Ratio (PRR), suggest an increased reporting of adverse events when these drugs are co-administered: oxycodone and gabapentin show PRR values up to 1.72, alprazolam and gabapentin reach up to 1.99, and oxycodone and alprazolam reach up to 1.67. While PRR values greater than 1.0 indicate that certain adverse events are reported more frequently than expected compared to the rest of the database, the overall reporting frequency remains low, with the highest frequency reported at 0.024 for the alprazolam and gabapentin pair. The evidence is limited to these statistical associations and consistently classifies the severity of these interactions as mild.",medium,9.416,9.863
EDGE_CASES,oxycodone + alprazolam + gabapentin,oxycodone + gabapentin,duckdb_fallback,3302,949,1173,1180,"Taking oxycodone, alprazolam, and gabapentin together is associated with a mild risk of drug interactions, though these events are reported with relatively low frequency.","Pharmacovigilance data for the combinations of oxycodone, alprazolam, and gabapentin indicate a mild interaction profile across all three pairings. Statistical signals, measured by the Proportional Reporting Ratio (PRR), suggest an increased reporting of adverse events when these drugs are co-administered: oxycodone and gabapentin show PRR values up to 1.72, alprazolam and gabapentin reach up to 1.99, and oxycodone and alprazolam reach up to 1.67. While PRR values greater than 1.0 indicate that certain adverse events are reported more frequently than expected compared to the rest of the database, the overall reporting frequency remains low, with the highest frequency reported at 0.024 for the alprazolam and gabapentin pair. The evidence is limited to these statistical associations and consistently classifies the severity of these interactions as mild.",medium,9.416,9.863
EDGE_CASES,oxycodone + alprazolam + gabapentin,alprazolam + gabapentin,duckdb_fallback,2952,910,1011,1031,"Taking oxycodone, alprazolam, and gabapentin together is associated with a mild risk of drug interactions, though these events are reported with relatively low frequency.","Pharmacovigilance data for the combinations of oxycodone, alprazolam, and gabapentin indicate a mild interaction profile across all three pairings. Statistical signals, measured by the Proportional Reporting Ratio (PRR), suggest an increased reporting of adverse events when these drugs are co-administered: oxycodone and gabapentin show PRR values up to 1.72, alprazolam and gabapentin reach up to 1.99, and oxycodone and alprazolam reach up to 1.67. While PRR values greater than 1.0 indicate that certain adverse events are reported more frequently than expected compared to the rest of the database, the overall reporting frequency remains low, with the highest frequency reported at 0.024 for the alprazolam and gabapentin pair. The evidence is limited to these statistical associations and consistently classifies the severity of these interactions as mild.",medium,9.416,9.863
EDGE_CASES,lisinopril + spironolactone + trimethoprim + potassium_supplement,lisinopril + spironolactone,none,0,0,0,0,AI explanation unavailable due to a temporary issue.,,low,0.337,1.215
EDGE_CASES,lisinopril + spironolactone + trimethoprim + potassium_supplement,lisinopril + trimethoprim,duckdb_fallback,1190,231,364,595,AI explanation unavailable due to a temporary issue.,,low,0.337,1.215
EDGE_CASES,lisinopril + spironolactone + trimethoprim + potassium_supplement,lisinopril + potassium_supplement,none,0,0,0,0,AI explanation unavailable due to a temporary issue.,,low,0.337,1.215
EDGE_CASES,lisinopril + spironolactone + trimethoprim + potassium_supplement,spironolactone + trimethoprim,duckdb_fallback,757,156,205,396,AI explanation unavailable due to a temporary issue.,,low,0.337,1.215
EDGE_CASES,lisinopril + spironolactone + trimethoprim + potassium_supplement,spironolactone + potassium_supplement,none,0,0,0,0,AI explanation unavailable due to a temporary issue.,,low,0.337,1.215
EDGE_CASES,lisinopril + spironolactone + trimethoprim + potassium_supplement,trimethoprim + potassium_supplement,none,0,0,0,0,AI explanation unavailable due to a temporary issue.,,low,0.337,1.215
